63808868686663, -2.534688E-05, -2.043333E-05, 4.806498E-05, 1
63808868686672, -2.593268E-05, -3.928469E-05, 4.152604E-05, 1
63808868686683, -1.720991E-05, -6.844851E-05, 3.770785E-05, 1
63808868686691, 1.508743E-07, -8.898687E-05, 2.259109E-05, 1
63808868686701, 1.963694E-05, -9.183552E-05, -9.188894E-06, 1
63808868686711, 1.659058E-05, -9.915541E-05, -1.397089E-05, 1
63808868686721, 1.86339E-05, -6.91453E-05, -2.247782E-05, 1
63808868686731, 1.724157E-05, -5.131944E-05, 1.917919E-05, 1
63808868686741, -6.516464E-06, -1.74812E-05, 2.966251E-05, 1
63808868686751, 2.851337E-05, -2.705395E-05, 3.936002E-06, 1
63808868686761, 4.423875E-05, -2.172383E-05, -1.278904E-05, 0.9999999
63808868686771, 3.632531E-05, -4.867329E-05, -4.886254E-05, 1
63808868686781, 6.024446E-05, -6.679482E-05, -6.416114E-05, 1
63808868686791, 6.691646E-05, -5.708044E-05, -6.100058E-05, 1
63808868686801, 4.651397E-05, -6.17534E-05, -7.804425E-05, 1
63808868686811, 7.75801E-05, -5.039532E-05, -6.376998E-06, 1
63808868686822, 7.295795E-05, -5.446296E-05, -1.216214E-05, 1
63808868686831, 7.616915E-05, -4.911333E-05, 1.319102E-06, 1
63808868686841, 6.952416E-05, -4.136599E-05, -3.049988E-05, 1
63808868686851, 8.880347E-05, -5.493095E-05, -3.785396E-05, 1
63808868686861, 0.0001140339, -3.012644E-05, -1.464703E-05, 1
63808868686871, 0.0001288047, -5.798602E-05, -1.391745E-06, 1
63808868686881, 0.0001433101, -6.848476E-05, -1.15874E-05, 1
63808868686891, 0.0001144502, -7.320596E-05, -1.032359E-05, 1
63808868686901, 0.000122373, -0.0001105921, -1.465797E-05, 1
63808868686911, 0.0001265965, -0.0001052577, 5.929847E-06, 0.9999999
63808868686921, 0.0001230929, -0.000114576, -2.369517E-06, 1
63808868686932, 0.0001304178, -9.751883E-05, 1.797453E-07, 1
63808868686942, 0.0001378888, -0.0001123128, -3.27233E-05, 0.9999999
63808868686951, 0.0001687501, -0.0001449254, -5.424465E-05, 0.9999999
63808868686961, 0.0001610965, -0.0001184216, -4.399777E-05, 1
63808868686971, 0.0001735948, -0.0001309253, -6.195973E-05, 0.9999999
63808868686981, 0.0001587803, -0.0001406122, -7.105886E-05, 1
63808868686991, 0.0001337882, -0.0001421258, -8.436618E-05, 1
63808868687001, 0.0001309812, -0.0001700271, -7.451489E-05, 1
63808868687011, 0.0001391321, -0.0001687033, -0.000101738, 1
63808868687021, 0.0001377324, -0.0002133939, -0.0001130324, 0.9999999
63808868687031, 0.0001643877, -0.0002086677, -8.480053E-05, 0.9999999
63808868687041, 0.0001541767, -0.0002404337, -0.000100227, 1
63808868687051, 0.0001382912, -0.0002364651, -9.280932E-05, 1
63808868687061, 0.0001724074, -0.0002661879, -0.0001372478, 0.9999999
63808868687071, 0.0001491616, -0.0002712366, -0.0001531286, 0.9999999
63808868687081, 0.0001363885, -0.0002814007, -0.0001381263, 1
63808868687091, 0.0001524044, -0.0002559181, -0.0001261678, 1
63808868687101, 0.0001320289, -0.0002655713, -0.0001495853, 1
63808868687111, 0.0001451569, -0.0003197939, -0.0001375681, 1
63808868687121, 0.0001543947, -0.0003677152, -0.0001358122, 0.9999999
63808868687131, 0.0001718868, -0.000389023, -0.0001703692, 0.9999999
63808868687141, 0.0001560086, -0.0004104663, -0.000177182, 0.9999999
63808868687151, 0.0001575723, -0.0004035202, -0.0001712556, 0.9999999
63808868687161, 0.0001125121, -0.0004306029, -0.0001658447, 0.9999999
63808868687171, 0.0001385324, -0.0004934691, -0.0001759027, 0.9999999
63808868687181, 0.0001462577, -0.0005073644, -0.0001931031, 0.9999999
63808868687191, 0.0001398558, -0.0005263228, -0.0001935033, 0.9999999
63808868687202, 0.0001555299, -0.0005707623, -0.0001853465, 0.9999999
63808868687211, 0.0001593493, -0.000568961, -0.0001705786, 0.9999998
63808868687222, 0.0001550252, -0.0006010813, -0.0001777245, 0.9999999
63808868687232, 0.0001518, -0.0006403044, -0.0002044669, 0.9999999
63808868687241, 0.0001694942, -0.0006574383, -0.0001975741, 0.9999998
63808868687251, 0.0001762016, -0.0006408631, -0.0002278605, 0.9999998
63808868687261, 0.0001685256, -0.0006354732, -0.0002688468, 0.9999998
63808868687272, 0.0001790076, -0.0006383229, -0.0002631887, 0.9999998
63808868687281, 0.0001717303, -0.0006590447, -0.0002622051, 0.9999997
63808868687292, 0.0001675431, -0.0006639359, -0.000276502, 0.9999997
63808868687301, 0.0001450861, -0.0006579329, -0.0002538703, 0.9999998
63808868687311, 0.0001713373, -0.0006866594, -0.0002821094, 0.9999998
63808868687321, 0.0001568357, -0.000691121, -0.0002936878, 0.9999997
63808868687331, 0.0001634536, -0.0007195408, -0.0002871681, 0.9999997
63808868687342, 0.0001250012, -0.0007109678, -0.0002432064, 0.9999998
63808868687351, 0.0001007775, -0.0007297576, -0.0001984376, 0.9999998
63808868687361, 0.0001129732, -0.0007326312, -0.0002119038, 0.9999997
63808868687371, 0.0001340052, -0.0007510118, -0.0002237145, 0.9999998
63808868687381, 0.0001498284, -0.0007712253, -0.0002377687, 0.9999998
63808868687391, 0.0001527732, -0.0008036974, -0.0002195382, 0.9999997
63808868687401, 0.0001375154, -0.0008190373, -0.0002046918, 0.9999996
63808868687413, 0.0001434935, -0.0008327361, -0.0002158326, 0.9999996
63808868687421, 0.0001360951, -0.0008625299, -0.0002079314, 0.9999996
63808868687433, 0.0001403624, -0.0008875807, -0.0002020102, 0.9999996
63808868687441, 0.0001252126, -0.000896116, -0.0001641738, 0.9999996
63808868687451, 9.494089E-05, -0.0008609195, -0.0001616647, 0.9999997
63808868687461, 4.550721E-05, -0.0008984893, -0.0001146118, 0.9999996
63808868687471, 3.213529E-05, -0.0009298202, -0.0001209191, 0.9999996
63808868687481, 2.142414E-05, -0.0009106043, -5.62052E-05, 0.9999997
63808868687491, 2.767053E-05, -0.000925476, -3.637199E-05, 0.9999996
63808868687501, -1.786277E-06, -0.0009596359, -2.448889E-05, 0.9999996
63808868687511, 9.709038E-06, -0.0009503382, -4.964205E-05, 0.9999996
63808868687521, 2.755783E-05, -0.0009941416, -5.864957E-05, 0.9999995
63808868687531, 1.296215E-05, -0.001027504, -6.810157E-05, 0.9999995
63808868687541, 4.020147E-05, -0.001016974, -5.97703E-05, 0.9999995
63808868687552, 1.317821E-05, -0.0009974116, -2.017897E-05, 0.9999995
63808868687561, 3.301073E-05, -0.001040307, -6.400899E-05, 0.9999995
63808868687571, 4.877336E-06, -0.00104743, -6.533531E-05, 0.9999995
63808868687581, -6.174669E-07, -0.001052168, -9.143224E-05, 0.9999995
63808868687591, -9.102747E-06, -0.001102562, -9.386695E-05, 0.9999994
63808868687601, -6.432924E-05, -0.001107968, -9.202061E-05, 0.9999993
63808868687611, -7.007644E-05, -0.0011175, -0.0001040699, 0.9999993
63808868687621, -8.771103E-05, -0.001142869, -0.0001219669, 0.9999994
63808868687631, -9.299442E-05, -0.001168783, -0.0001522433, 0.9999993
63808868687641, -8.736737E-05, -0.001169657, -0.0001268304, 0.9999993
63808868687651, -7.416215E-05, -0.001183684, -0.0001477598, 0.9999993
63808868687661, -9.430759E-05, -0.001201349, -0.0001594027, 0.9999993
63808868687671, -0.0001079049, -0.001225313, -0.0001116563, 0.9999993
63808868687682, -0.0001060134, -0.001249825, -0.0001443136, 0.9999992
63808868687692, -0.0001038201, -0.001275386, -0.000142884, 0.9999993
63808868687701, -0.0001242207, -0.001305881, -0.0001361193, 0.9999992
63808868687711, -0.0001009293, -0.001335342, -0.0001428577, 0.9999991
63808868687721, -8.448306E-05, -0.001338234, -0.0001640044, 0.9999992
63808868687731, -0.0001290143, -0.00129625, -0.0001299335, 0.9999991
63808868687741, -8.240808E-05, -0.00131378, -0.0001631179, 0.9999992
63808868687751, -8.408073E-05, -0.001322811, -0.0001647894, 0.9999991
63808868687763, -7.645693E-05, -0.001337308, -0.000174739, 0.9999992
63808868687771, -6.83954E-05, -0.001332416, -0.0001841991, 0.9999992
63808868687781, -6.131176E-05, -0.001295237, -0.0001882757, 0.9999991
63808868687791, -6.072968E-05, -0.001300995, -0.0001451822, 0.9999992
63808868687801, -6.234832E-05, -0.001270155, -0.0001445919, 0.9999993
63808868687811, -8.23997E-05, -0.001288458, -0.0001441473, 0.9999991
63808868687821, -0.0001112642, -0.001279375, -0.0001662466, 0.9999992
63808868687831, -0.0001055915, -0.001273812, -0.0001973936, 0.9999992
63808868687841, -0.0001172805, -0.001252428, -0.0001321718, 0.9999993
63808868687851, -0.0001013111, -0.00124834, -0.0001658614, 0.9999992
63808868687861, -9.403378E-05, -0.001231558, -0.0001959102, 0.9999992
63808868687871, -0.0001291288, -0.001229118, -0.0002276851, 0.9999992
63808868687882, -0.0001830375, -0.0012004, -0.0001665362, 0.9999993
63808868687891, -0.0001687054, -0.001196111, -0.0002064629, 0.9999992
63808868687901, -0.0001613414, -0.001170133, -0.0002620459, 0.9999994
63808868687911, -0.0001434516, -0.001151853, -0.0002453168, 0.9999994
63808868687921, -0.0001068516, -0.001139601, -0.0002788129, 0.9999993
63808868687931, -0.0001366427, -0.001106126, -0.0002512626, 0.9999994
63808868687941, -0.0001637768, -0.001079157, -0.0002573349, 0.9999994
63808868687952, -0.0001357645, -0.001068737, -0.0002579268, 0.9999994
63808868687961, -0.000139242, -0.001086507, -0.0002272973, 0.9999993
63808868687972, -0.0001500808, -0.001106351, -0.0002518375, 0.9999993
63808868687981, -0.0001140675, -0.001113333, -0.0002492999, 0.9999993
63808868687991, -0.0001263786, -0.001165803, -0.0002723798, 0.9999993
63808868688001, -0.0001409994, -0.001147098, -0.0002330295, 0.9999993
63808868688011, -0.0001736293, -0.00115382, -0.0002183537, 0.9999993
63808868688021, -0.0001535537, -0.001158938, -0.0002226062, 0.9999993
63808868688031, -0.0001436798, -0.001162183, -0.0002062917, 0.9999993
63808868688041, -0.0001561837, -0.001158877, -0.000168557, 0.9999993
63808868688051, -0.0001624441, -0.001138292, -0.0001548532, 0.9999993
63808868688061, -0.0001232391, -0.00112154, -0.0001334063, 0.9999993
63808868688071, -0.0001045717, -0.001119161, -0.0001712386, 0.9999993
63808868688081, -0.0001472458, -0.001137982, -0.0001535659, 0.9999993
63808868688091, -0.0001785522, -0.001138172, -0.0001598423, 0.9999994
63808868688101, -0.0002015047, -0.001189533, -0.0001644223, 0.9999994
63808868688111, -0.0002040938, -0.001164572, -0.00018526, 0.9999993
63808868688121, -0.0002450068, -0.001189383, -0.0001687011, 0.9999993
63808868688131, -0.0002433173, -0.001181516, -0.0001669779, 0.9999993
63808868688141, -0.0002506403, -0.001175022, -0.0001224874, 0.9999993
63808868688151, -0.0002314867, -0.001169093, -8.373335E-05, 0.9999993
63808868688161, -0.0002253922, -0.001195247, -6.65792E-05, 0.9999993
63808868688171, -0.000217733, -0.001211391, -4.55972E-05, 0.9999992
63808868688181, -0.0001930054, -0.001202466, -4.173687E-05, 0.9999993
63808868688191, -0.0001845043, -0.001220774, -4.391756E-05, 0.9999993
63808868688201, -0.0001793494, -0.001186108, -2.456969E-05, 0.9999993
63808868688211, -0.0001806049, -0.001181107, -5.46904E-05, 0.9999993
63808868688221, -0.0001604389, -0.001195966, -7.026398E-05, 0.9999993
63808868688231, -0.0001714351, -0.001176224, -4.211382E-05, 0.9999993
63808868688241, -0.0001490386, -0.001185679, -3.777165E-05, 0.9999993
63808868688251, -0.0001564696, -0.001169031, -3.653765E-05, 0.9999993
63808868688261, -0.0001654346, -0.001124195, -5.163252E-06, 0.9999994
63808868688271, -0.0001619142, -0.001137969, 1.958106E-06, 0.9999994
63808868688281, -0.0001571607, -0.001131423, 2.625689E-05, 0.9999994
63808868688291, -0.0001500919, -0.001108943, 8.496514E-05, 0.9999993
63808868688301, -0.0001640161, -0.001114661, 0.0001129478, 0.9999994
63808868688311, -0.0001500957, -0.001080167, 0.0001097472, 0.9999994
63808868688321, -0.0001270333, -0.001085279, 0.0001284564, 0.9999995
63808868688331, -0.0001115771, -0.001061097, 0.000139278, 0.9999994
63808868688341, -9.822287E-05, -0.00103048, 0.0001436902, 0.9999995
63808868688351, -9.707082E-05, -0.0009866947, 0.0001480222, 0.9999995
63808868688361, -7.24839E-05, -0.0009797401, 0.0001701738, 0.9999995
63808868688371, -8.239131E-05, -0.0009787679, 0.0001780391, 0.9999995
63808868688381, -8.032285E-05, -0.0009573268, 0.0001941918, 0.9999995
63808868688391, -8.700415E-05, -0.0009338279, 0.0002554082, 0.9999996
63808868688401, -0.0001233621, -0.0009393358, 0.0002593562, 0.9999996
63808868688412, -8.76002E-05, -0.0009463555, 0.0002526003, 0.9999995
63808868688421, -8.065533E-05, -0.0009322813, 0.0002634539, 0.9999996
63808868688431, -0.0001053661, -0.0009255248, 0.0002746006, 0.9999996
63808868688441, -8.666515E-05, -0.0009113953, 0.000238877, 0.9999996
63808868688451, -0.0001324704, -0.0009056743, 0.000264102, 0.9999996
63808868688462, -0.0001275716, -0.0009114734, 0.0002144697, 0.9999996
63808868688471, -0.0001565004, -0.0008991447, 0.0002255699, 0.9999997
63808868688481, -0.0001803664, -0.0008678106, 0.0002228837, 0.9999996
63808868688491, -0.0001733098, -0.0008837714, 0.0002123328, 0.9999996
63808868688501, -0.0001647444, -0.0008906467, 0.000221038, 0.9999996
63808868688511, -0.0001620771, -0.0008651048, 0.0002244406, 0.9999996
63808868688521, -0.0001266664, -0.0008608192, 0.0002132235, 0.9999996
63808868688531, -0.0001189681, -0.0008363811, 0.0002259564, 0.9999996
63808868688541, -0.0001437347, -0.0008277273, 0.0002180873, 0.9999997
63808868688551, -0.0001321817, -0.0008225215, 0.0001923918, 0.9999997
63808868688561, -7.529091E-05, -0.0007854373, 0.0001473976, 0.9999997
63808868688571, -5.400833E-05, -0.0007845424, 0.0001309031, 0.9999996
63808868688581, -3.866479E-05, -0.0008166807, 9.199756E-05, 0.9999997
63808868688591, -2.45031E-05, -0.0008028977, 8.955714E-05, 0.9999996
63808868688601, -1.4266E-05, -0.0007828706, 0.0001044687, 0.9999997
63808868688611, 7.627532E-07, -0.0007643679, 0.0001006593, 0.9999997
63808868688621, 5.106162E-05, -0.0007764704, 0.0001146041, 0.9999997
63808868688631, 8.240901E-05, -0.0007921369, 0.0001111754, 0.9999997
63808868688641, 0.0001164908, -0.0007803318, 0.0001014086, 0.9999998
63808868688651, 0.0001158137, -0.0008175735, 8.192367E-05, 0.9999996
63808868688662, 0.0001014592, -0.0008221546, 4.716858E-05, 0.9999997
63808868688672, 5.83902E-05, -0.0007768681, 7.074443E-05, 0.9999996
63808868688681, 4.288089E-05, -0.0007580605, 6.00497E-05, 0.9999998
63808868688691, 7.059053E-05, -0.0007516941, 8.007581E-05, 0.9999998
63808868688701, 7.495843E-05, -0.0007165017, 7.642829E-05, 0.9999998
63808868688711, 2.656225E-05, -0.0006871291, 9.620551E-05, 0.9999999
63808868688721, 2.137851E-05, -0.0006673177, 9.496487E-05, 0.9999999
63808868688731, 1.583621E-05, -0.0006601027, 7.294677E-05, 0.9999997
63808868688741, -1.680106E-06, -0.0006375265, 9.28177E-05, 0.9999999
63808868688751, -6.106682E-06, -0.0006292365, 0.0001163944, 0.9999999
63808868688761, -1.672469E-05, -0.0005993843, 0.0001198711, 0.9999999
63808868688771, -2.96915E-05, -0.000610951, 0.0001609989, 0.9999998
63808868688781, -5.966052E-06, -0.00061718, 0.0001383739, 0.9999998
63808868688791, 9.01334E-06, -0.0005637932, 0.0001328209, 0.9999999
63808868688801, 6.017275E-06, -0.0005421297, 0.0001325168, 0.9999999
63808868688811, -1.967885E-06, -0.0004972053, 0.000107471, 0.9999999
63808868688821, 1.404434E-06, -0.0004802613, 0.0001453849, 0.9999999
63808868688831, 1.363177E-05, -0.0004410462, 0.0001528142, 0.9999999
63808868688841, -1.277216E-05, -0.0004209334, 0.0001556095, 1
63808868688851, 4.963949E-07, -0.000408713, 0.0001410744, 1
63808868688861, -1.424085E-05, -0.0003927433, 0.0001441254, 0.9999999
63808868688871, -1.08555E-05, -0.0003511186, 0.0001178115, 0.9999999
63808868688881, -3.183074E-05, -0.0003418338, 0.0001631812, 1
63808868688891, -3.398117E-05, -0.0003168597, 0.000175455, 0.9999999
63808868688901, -2.14437E-05, -0.0003161826, 0.0001295296, 1
63808868688911, -1.288392E-05, -0.000322627, 0.0001526178, 1
63808868688921, 2.870895E-05, -0.0003322939, 0.0001605815, 0.9999999
63808868688932, -2.709217E-06, -0.000334333, 0.0001676974, 1
63808868688941, 5.653128E-06, -0.000343595, 0.0001391075, 0.9999999
63808868688951, -1.630466E-05, -0.0003209455, 0.000177121, 0.9999999
63808868688961, -1.453236E-05, -0.000289927, 0.0002135652, 0.9999999
63808868688971, -6.021373E-05, -0.0002584172, 0.0002575521, 1
63808868688981, -1.250394E-05, -0.0002360586, 0.0002290773, 0.9999999
63808868688991, -4.017539E-05, -0.0001714446, 0.0002344088, 1
63808868689001, -4.82481E-05, -0.0001647928, 0.000236826, 1
63808868689011, -5.470496E-05, -0.0001259307, 0.0002102334, 1
63808868689021, -2.782419E-05, -9.271066E-05, 0.0002323788, 0.9999999
63808868689031, -3.527291E-05, -0.0001203582, 0.0002106156, 0.9999999
63808868689041, -1.200102E-05, -9.953557E-05, 0.0002051042, 1
63808868689051, -5.071051E-06, -8.130737E-05, 0.000209179, 1
63808868689061, 5.34486E-06, -5.237793E-05, 0.0002207462, 0.9999999
63808868689071, 1.373235E-05, -4.894001E-05, 0.0001907254, 1
63808868689082, -7.969327E-06, -4.719906E-05, 0.0001626026, 1
63808868689091, -1.94693E-05, -3.868103E-05, 0.0001855802, 1
63808868689101, -5.559996E-06, -1.615533E-05, 0.0001764065, 1
63808868689111, -8.894131E-06, 5.120251E-06, 0.0001615175, 1
63808868689121, 3.434718E-06, 1.78957E-05, 0.000176457, 1
63808868689131, 5.80959E-06, 1.591696E-05, 0.0001624217, 1
63808868689141, 1.633726E-05, 1.899205E-05, 0.0001476033, 0.9999999
63808868689151, 5.332474E-05, 4.644894E-05, 0.0001387098, 1
63808868689161, 7.102173E-05, 6.581403E-05, 0.0001560728, 1
63808868689171, 7.791817E-05, 0.0001038424, 0.0001432137, 1
63808868689181, 9.383913E-05, 0.0001358209, 0.0001289462, 1
63808868689191, 0.0001021735, 0.0001463151, 0.0001178284, 0.9999999
63808868689201, 9.229686E-05, 0.0001561735, 0.0001011918, 1
63808868689211, 0.0001124432, 0.0001744641, 0.0001518755, 0.9999999
63808868689221, 0.0001396136, 0.0001893168, 0.000130108, 1
63808868689231, 0.0001164693, 0.0002261738, 0.0001070206, 1
63808868689241, 0.0001400933, 0.000205257, 0.0001179462, 1
63808868689251, 0.0001782617, 0.000214792, 0.0001218241, 1
63808868689261, 0.0001918972, 0.0002546704, 0.0001443098, 1
63808868689271, 0.0001754016, 0.0002512986, 0.0001573249, 0.9999999
63808868689281, 0.0001579281, 0.0002501551, 0.000168373, 1
63808868689291, 0.0001960425, 0.0002898765, 0.0001837797, 0.9999999
63808868689301, 0.0001976639, 0.0002801038, 0.0001999723, 1
63808868689311, 0.0001802417, 0.0003166953, 0.0002450888, 1
63808868689321, 0.0001539206, 0.0003214341, 0.0002189039, 1
63808868689331, 0.0001452919, 0.0002949577, 0.0001677569, 1
63808868689341, 0.000122739, 0.0003117587, 0.0001767377, 1
63808868689351, 0.0001198268, 0.0003380043, 0.0002195558, 0.9999999
63808868689361, 0.0001082411, 0.0003543119, 0.0002472212, 1
63808868689371, 0.0001356779, 0.0003620659, 0.0002200744, 0.9999999
63808868689381, 0.000149508, 0.0003508994, 0.0002229627, 0.9999999
63808868689391, 0.0001345109, 0.000368624, 0.0002365736, 0.9999999
63808868689401, 0.0001714351, 0.0003794788, 0.0002261662, 0.9999999
63808868689411, 0.0001705643, 0.0003913978, 0.0002086135, 1
63808868689421, 0.0002031, 0.0004038647, 0.0001989218, 0.9999999
63808868689431, 0.0002242597, 0.0004142567, 0.0001539642, 0.9999999
63808868689441, 0.0002562283, 0.0004093375, 0.0001599347, 0.9999999
63808868689451, 0.0002412703, 0.0004190244, 0.0001529915, 0.9999999
63808868689461, 0.0002170112, 0.0004248569, 0.0001267596, 0.9999999
63808868689471, 0.0002348125, 0.000450778, 0.0001067031, 0.9999999
63808868689481, 0.0002263077, 0.0004922544, 0.0001617286, 0.9999999
63808868689491, 0.0002722833, 0.0004801414, 0.0001669368, 0.9999998
63808868689501, 0.0002848888, 0.0004616595, 0.0001791933, 0.9999999
63808868689511, 0.0002951398, 0.0004718098, 0.0001904627, 0.9999998
63808868689521, 0.0002981042, 0.0004998214, 0.0001681575, 0.9999998
63808868689531, 0.0003245324, 0.0004902282, 0.0001295918, 0.9999998
63808868689541, 0.0003075665, 0.0005063016, 0.0001588882, 0.9999999
63808868689551, 0.000295273, 0.0005126663, 0.0001848189, 0.9999998
63808868689561, 0.0002676994, 0.0005257885, 0.000183722, 0.9999998
63808868689571, 0.0002795132, 0.0005419194, 0.00018218, 0.9999999
63808868689581, 0.0002569156, 0.0005467062, 0.0002023205, 0.9999999
63808868689591, 0.0002167271, 0.0005202121, 0.0001921018, 0.9999998
63808868689601, 0.0002145572, 0.0004921312, 0.0001505746, 0.9999999
63808868689613, 0.0002064649, 0.0004856075, 0.0001424871, 0.9999998
63808868689621, 0.0001461329, 0.0004765208, 0.0002081046, 0.9999999
63808868689631, 0.0001302734, 0.0005318278, 0.0002154745, 0.9999999
63808868689641, 0.0001513325, 0.0005204621, 0.0001882273, 0.9999999
63808868689651, 0.0001291158, 0.0005266785, 0.0002367343, 0.9999998
63808868689661, 0.0001447462, 0.0005446884, 0.0002529501, 0.9999998
63808868689671, 0.0001885304, 0.00060156, 0.0003009284, 0.9999998
63808868689681, 0.000181864, 0.0006132595, 0.0003150189, 0.9999998
63808868689691, 0.0001770379, 0.0006478244, 0.0003380982, 0.9999997
63808868689701, 0.0002080752, 0.0006599864, 0.000326274, 0.9999997
63808868689711, 0.0001791874, 0.0007108058, 0.000390162, 0.9999998
63808868689721, 0.0001716912, 0.0007214225, 0.0004287829, 0.9999997
63808868689731, 0.0001701051, 0.0007124682, 0.0004071333, 0.9999997
63808868689741, 0.0001508985, 0.0007273228, 0.0004001219, 0.9999997
63808868689751, 0.0001495965, 0.0007751515, 0.0004098675, 0.9999996
63808868689761, 0.0001014369, 0.0008117321, 0.0004345475, 0.9999996
63808868689771, 0.0001042923, 0.0008340622, 0.0004265473, 0.9999996
63808868689781, 0.0001220303, 0.000852641, 0.0004297388, 0.9999996
63808868689791, 0.0001425184, 0.0008559211, 0.0004062467, 0.9999996
63808868689801, 0.0001449948, 0.0008471489, 0.0003597324, 0.9999997
63808868689811, 0.0001249965, 0.0008745012, 0.0003585023, 0.9999996
63808868689821, 0.0001391461, 0.0009154512, 0.0004059847, 0.9999996
63808868689831, 0.00013634, 0.0009206765, 0.0003850296, 0.9999996
63808868689842, 0.0001769178, 0.000900031, 0.0003485787, 0.9999996
63808868689851, 0.0001929561, 0.0008961475, 0.0003343878, 0.9999995
63808868689861, 0.0001893425, 0.0009146802, 0.0003002926, 0.9999995
63808868689871, 0.0001826975, 0.0009355915, 0.0002968184, 0.9999996
63808868689881, 0.0001879726, 0.0009254187, 0.0002642643, 0.9999996
63808868689891, 0.0002019489, 0.0009433118, 0.0002834261, 0.9999995
63808868689901, 0.0001660762, 0.0009994586, 0.000322765, 0.9999995
63808868689911, 0.000154255, 0.0009924446, 0.000337929, 0.9999995
63808868689921, 0.0002055252, 0.000984535, 0.0003490729, 0.9999994
63808868689931, 0.0001982683, 0.0009775909, 0.0003466557, 0.9999995
63808868689941, 0.0001600403, 0.001007674, 0.0003607516, 0.9999995
63808868689951, 0.0001527807, 0.0009969304, 0.0003474634, 0.9999995
63808868689961, 0.0001246613, 0.001017047, 0.0003808415, 0.9999995
63808868689971, 0.0001374036, 0.001015634, 0.0003702097, 0.9999995
63808868689981, 0.0001504654, 0.001041014, 0.0003848413, 0.9999995
63808868689991, 0.0001626639, 0.001027807, 0.0004080636, 0.9999995
63808868690001, 0.0001725825, 0.001018178, 0.0003885076, 0.9999995
63808868690011, 0.0001643812, 0.000996033, 0.0004029883, 0.9999994
63808868690021, 0.0001471546, 0.0009997028, 0.0004228393, 0.9999994
63808868690031, 0.000154715, 0.0009850623, 0.0004291451, 0.9999995
63808868690041, 0.000132761, 0.001008671, 0.0004261351, 0.9999995
63808868690051, 0.0001225909, 0.001036938, 0.0004379839, 0.9999995
63808868690061, 9.395648E-05, 0.001030716, 0.0004534628, 0.9999994
63808868690071, 0.0001085419, 0.001022164, 0.0004559822, 0.9999995
63808868690081, 8.710101E-05, 0.001025407, 0.0004959459, 0.9999994
63808868690091, 6.653275E-05, 0.001026781, 0.0004922808, 0.9999994
63808868690101, 3.526732E-05, 0.001035567, 0.0004809696, 0.9999994
63808868690111, 3.73451E-05, 0.001021841, 0.0004796324, 0.9999993
63808868690122, -2.169982E-07, 0.001055996, 0.0004660676, 0.9999995
63808868690131, -3.025681E-05, 0.001047923, 0.0004871666, 0.9999993
63808868690141, -1.818314E-05, 0.001056098, 0.0004719648, 0.9999994
63808868690151, -2.513826E-05, 0.00109741, 0.0004908959, 0.9999994
63808868690161, -1.252536E-05, 0.001088939, 0.0004549942, 0.9999993
63808868690171, -2.216268E-05, 0.001117973, 0.0004786704, 0.9999993
63808868690181, -1.358707E-05, 0.001131999, 0.0004768313, 0.9999992
63808868690191, -1.158565E-06, 0.001127855, 0.0004663664, 0.9999993
63808868690201, -5.065463E-06, 0.001128979, 0.0004814583, 0.9999993
63808868690211, 2.251379E-05, 0.001123942, 0.0004444099, 0.9999993
63808868690221, 2.299715E-05, 0.001115712, 0.0004527048, 0.9999993
63808868690231, -4.269183E-06, 0.001097889, 0.0004557222, 0.9999993
63808868690241, -6.951392E-06, 0.001111495, 0.0004394484, 0.9999993
63808868690251, -3.697351E-06, 0.00109576, 0.0004574895, 0.9999993
63808868690261, 1.036096E-05, 0.001089003, 0.0004471351, 0.9999994
63808868690271, 2.173427E-05, 0.001076854, 0.0004343927, 0.9999994
63808868690281, 1.268089E-05, 0.001094871, 0.0004419665, 0.9999994
63808868690291, 2.149027E-05, 0.001120713, 0.0004097996, 0.9999993
63808868690301, 1.068134E-05, 0.001108306, 0.0004071195, 0.9999992
63808868690311, -5.707145E-06, 0.001102352, 0.000385353, 0.9999993
63808868690321, -4.744157E-06, 0.001093371, 0.0003893103, 0.9999993
63808868690332, 3.829598E-06, 0.001098928, 0.0004017717, 0.9999994
63808868690341, 2.49017E-05, 0.001105403, 0.0004326126, 0.9999993
63808868690351, 1.443643E-05, 0.0010929, 0.0004216711, 0.9999993
63808868690361, 1.03144E-05, 0.001118224, 0.0004054597, 0.9999993
63808868690371, -1.13165E-05, 0.001121753, 0.0003908532, 0.9999992
63808868690381, -4.668068E-05, 0.001130856, 0.0004326804, 0.9999992
63808868690392, -2.958439E-05, 0.001139669, 0.0004210385, 0.9999993
63808868690401, 1.335796E-05, 0.001176173, 0.0004337734, 0.9999993
63808868690411, -1.084059E-06, 0.001208423, 0.000457256, 0.9999992
63808868690421, 1.1147E-05, 0.001203279, 0.0004385132, 0.9999992
63808868690431, -2.272706E-05, 0.001199432, 0.0004465824, 0.9999992
63808868690441, -5.301833E-05, 0.001196474, 0.000515098, 0.9999991
63808868690451, -5.039759E-05, 0.001185043, 0.0004134775, 0.9999992
63808868690461, -3.082026E-05, 0.001155779, 0.0004006103, 0.9999993
63808868690471, -1.376495E-06, 0.001157607, 0.000442175, 0.9999992
63808868690482, -1.834892E-05, 0.001214189, 0.0004807892, 0.9999992
63808868690491, -2.619438E-05, 0.001223839, 0.0005006071, 0.9999992
63808868690501, -2.351496E-05, 0.001218397, 0.0004943365, 0.9999992
63808868690511, -1.10073E-05, 0.001198256, 0.0004947161, 0.9999992
63808868690521, -1.318939E-05, 0.001185627, 0.0004822544, 0.9999993
63808868690531, 4.385039E-05, 0.001183672, 0.0004963875, 0.9999992
63808868690541, 6.245542E-05, 0.001184519, 0.0004552647, 0.9999992
63808868690551, 3.568921E-05, 0.001179429, 0.000461145, 0.9999992
63808868690561, 6.240886E-05, 0.00115486, 0.0004477156, 0.9999993
63808868690571, 3.769808E-05, 0.001171127, 0.0004658665, 0.9999993
63808868690581, 6.800052E-05, 0.00120106, 0.0004646593, 0.9999992
63808868690591, 0.0001068423, 0.001175601, 0.0004280095, 0.9999993
63808868690601, 9.372644E-05, 0.001151111, 0.0004127516, 0.9999993
63808868690611, 9.777769E-05, 0.001155791, 0.0004253923, 0.9999993
63808868690621, 0.0001257462, 0.001157656, 0.0004153812, 0.9999993
63808868690631, 0.0001235791, 0.001142654, 0.0004224344, 0.9999994
63808868690641, 0.0001322422, 0.001127495, 0.0003673293, 0.9999993
63808868690652, 0.000124895, 0.001134695, 0.0003906519, 0.9999993
63808868690662, 0.0001778407, 0.001161647, 0.0004177968, 0.9999993
63808868690671, 0.0001622196, 0.001173811, 0.0003959205, 0.9999992
63808868690681, 0.0001626443, 0.001197958, 0.0004149895, 0.9999992
63808868690691, 0.0001775753, 0.001174967, 0.0003903732, 0.9999992
63808868690701, 0.0001661852, 0.001203336, 0.0003767994, 0.9999992
63808868690711, 0.0001422418, 0.001202083, 0.0003493781, 0.9999992
63808868690721, 0.0001118453, 0.001212154, 0.0003464238, 0.9999993
63808868690731, 9.104051E-05, 0.001233172, 0.000311509, 0.9999992
63808868690741, 0.0001126183, 0.001228511, 0.0002999906, 0.9999993
63808868690751, 5.739462E-05, 0.001270968, 0.0003467457, 0.9999992
63808868690761, 7.201638E-05, 0.001293523, 0.0003468487, 0.9999992
63808868690771, 7.500034E-05, 0.001284816, 0.000336631, 0.9999991
63808868690781, 7.414352E-05, 0.001232604, 0.000297479, 0.9999992
63808868690791, 6.757211E-05, 0.001248139, 0.0003130138, 0.9999992
63808868690801, 5.881023E-05, 0.001244907, 0.0003208767, 0.9999991
63808868690811, 3.919192E-05, 0.001293687, 0.000346214, 0.9999991
63808868690821, 2.695527E-05, 0.001267629, 0.0003293287, 0.9999992
63808868690832, 2.666749E-05, 0.001246711, 0.000319563, 0.9999992
63808868690841, 6.628223E-05, 0.00125961, 0.0003378243, 0.9999992
63808868690851, 8.236337E-05, 0.001251679, 0.0003206955, 0.9999993
63808868690861, 6.466266E-05, 0.00127534, 0.0003042966, 0.9999991
63808868690871, 6.814301E-05, 0.001260843, 0.0002934684, 0.9999992
63808868690882, 5.789474E-05, 0.001262131, 0.0002773816, 0.9999992
63808868690891, 3.074296E-05, 0.001293193, 0.0003083569, 0.9999992
63808868690902, 2.577528E-05, 0.001301518, 0.0002902019, 0.9999991
63808868690911, 3.660098E-05, 0.001262411, 0.0002858491, 0.9999992
63808868690921, -1.254026E-05, 0.001275288, 0.0003143377, 0.9999991
63808868690931, 4.370697E-06, 0.001260149, 0.0003163054, 0.9999992
63808868690941, 4.630536E-06, 0.001250064, 0.0003306195, 0.9999993
63808868690951, 8.601695E-06, 0.001244391, 0.0003086175, 0.9999993
63808868690961, -1.578033E-05, 0.001268715, 0.0003257059, 0.9999991
63808868690971, -1.021847E-05, 0.001274632, 0.0003389148, 0.9999992
63808868690981, -9.055249E-06, 0.001243815, 0.0003357097, 0.9999992
63808868690991, 1.041219E-06, 0.001269127, 0.0003318302, 0.9999992
63808868691001, 6.166287E-06, 0.001293562, 0.0003337617, 0.9999991
63808868691011, -1.162942E-05, 0.001292401, 0.0003688219, 0.999999
63808868691021, 2.088305E-05, 0.001288768, 0.0003687394, 0.9999992
63808868691031, 6.129593E-05, 0.001270916, 0.0003605834, 0.9999992
63808868691041, 5.82505E-05, 0.001295685, 0.0003533171, 0.9999991
63808868691051, 7.592048E-05, 0.001306069, 0.0003108596, 0.9999991
63808868691061, 8.197874E-05, 0.001296199, 0.0002780716, 0.9999992
63808868691071, 8.492358E-05, 0.001283268, 0.0002660528, 0.9999992
63808868691082, 9.156298E-05, 0.001283293, 0.0002696777, 0.9999991
63808868691091, 8.513127E-05, 0.00129993, 0.0003253059, 0.9999991
63808868691101, 8.805096E-05, 0.001314978, 0.0002956404, 0.9999992
63808868691111, 7.794984E-05, 0.001303148, 0.0002868564, 0.9999991
63808868691121, 6.134156E-05, 0.00128843, 0.0002669017, 0.9999992
63808868691131, 4.017167E-05, 0.001272607, 0.00024893, 0.9999993
63808868691142, 3.293436E-05, 0.001299181, 0.0002357884, 0.9999992
63808868691151, 4.402176E-05, 0.001296108, 0.0002247212, 0.9999992
63808868691161, 2.504699E-05, 0.001289964, 0.0001958437, 0.9999992
63808868691171, 5.501322E-05, 0.001286548, 0.0001790586, 0.9999992
63808868691181, 6.757863E-05, 0.00127427, 0.0001903148, 0.9999992
63808868691191, 5.980395E-05, 0.001291951, 0.0001625966, 0.9999992
63808868691201, 2.005231E-05, 0.001296389, 0.0001626017, 0.9999992
63808868691211, 3.714953E-05, 0.001306638, 0.0001513475, 0.9999992
63808868691221, 1.389068E-05, 0.001292354, 0.0001295774, 0.9999992
63808868691231, -3.543682E-06, 0.001309019, 0.0001148069, 0.9999992
63808868691242, -7.683411E-06, 0.001329185, 9.781111E-05, 0.9999992
63808868691252, -4.998036E-05, 0.001357567, 0.0001008234, 0.9999991
63808868691261, -6.20503E-05, 0.001357728, 9.943964E-05, 0.9999992
63808868691271, -9.461958E-05, 0.001371846, 0.00012001, 0.999999
63808868691281, -5.601998E-05, 0.001393466, 0.0001190943, 0.9999989
63808868691291, -5.341694E-05, 0.001419136, 0.0001194461, 0.999999
63808868691301, -6.954372E-05, 0.001401511, 0.0001137066, 0.999999
63808868691311, -5.482882E-05, 0.001398598, 0.0001142459, 0.999999
63808868691321, -7.244479E-05, 0.001389252, 0.0001085824, 0.9999991
63808868691331, -9.209197E-05, 0.001416278, 0.0001369142, 0.9999991
63808868691341, -0.0001019826, 0.001421839, 0.000138024, 0.999999
63808868691351, -0.0001057936, 0.001423115, 0.0001528655, 0.999999
63808868691361, -7.593352E-05, 0.001426537, 0.0001343112, 0.999999
63808868691371, -7.771887E-05, 0.001393106, 0.0001406568, 0.999999
63808868691381, -7.753447E-05, 0.001411737, 7.731898E-05, 0.9999991
63808868691391, -0.0001077196, 0.001408529, 0.00010146, 0.999999
63808868691401, -0.0001047142, 0.001396426, 8.756982E-05, 0.999999
63808868691412, -0.0001032799, 0.00142223, 9.180873E-05, 0.999999
63808868691421, -9.014644E-05, 0.001424573, 6.969797E-05, 0.999999
63808868691431, -0.0001058355, 0.001418004, 5.442253E-05, 0.9999989
63808868691441, -8.475035E-05, 0.001406771, 5.86122E-05, 0.999999
63808868691451, -9.719096E-05, 0.001389224, 4.802481E-05, 0.999999
63808868691461, -9.873044E-05, 0.001375629, 9.031256E-05, 0.9999991
63808868691471, -7.248763E-05, 0.001355679, 5.649426E-05, 0.9999991
63808868691481, -5.440693E-05, 0.001336064, 3.820017E-05, 0.9999991
63808868691491, -2.688915E-05, 0.001317082, 3.378105E-05, 0.9999992
63808868691501, -2.241042E-05, 0.00131361, 7.507997E-05, 0.9999992
63808868691511, -6.398186E-06, 0.001322976, 5.192449E-05, 0.9999992
63808868691521, -1.152977E-06, 0.001323775, 8.529599E-05, 0.9999992
63808868691531, -7.650815E-06, 0.001318414, 0.0001017248, 0.9999992
63808868691541, -3.151596E-06, 0.001347527, 0.0001114581, 0.9999991
63808868691551, 1.749676E-05, 0.001369584, 7.074606E-05, 0.999999
63808868691561, 1.130905E-05, 0.001399867, 0.0001021132, 0.999999
63808868691571, 1.109764E-05, 0.001411077, 7.607741E-05, 0.9999992
63808868691581, 3.118627E-05, 0.001420804, 6.968365E-05, 0.9999991
63808868691591, 2.820138E-05, 0.001435978, 9.240361E-05, 0.999999
63808868691601, 1.864415E-05, 0.00148226, 0.0001106258, 0.9999989
63808868691611, 4.720595E-05, 0.001451351, 0.0001039119, 0.999999
63808868691621, 5.05764E-05, 0.001444467, 8.864922E-05, 0.9999989
63808868691631, 3.838539E-05, 0.001453929, 7.819291E-05, 0.999999
63808868691641, 5.628448E-05, 0.001463206, 2.150168E-05, 0.999999
63808868691651, 3.638957E-05, 0.001474277, 2.118538E-05, 0.999999
63808868691661, 3.485847E-05, 0.001467908, 3.380026E-05, 0.9999989
63808868691671, 1.544133E-05, 0.001454485, 1.997571E-06, 0.9999989
63808868691681, 7.99913E-06, 0.00145069, 3.254809E-05, 0.999999
63808868691691, -2.518948E-05, 0.00143272, 9.147916E-06, 0.999999
63808868691701, -2.5874E-05, 0.001438934, 2.673757E-05, 0.9999989
63808868691711, -4.558824E-06, 0.001445247, 2.359855E-06, 0.999999
63808868691721, -9.719282E-06, 0.001469964, -1.502328E-05, 0.9999989
63808868691731, -5.866494E-05, 0.001446606, -2.366607E-05, 0.9999989
63808868691741, -5.729962E-05, 0.001453115, -3.412017E-05, 0.999999
63808868691751, -4.998595E-05, 0.00144805, 2.620369E-05, 0.9999989
63808868691761, -2.627261E-05, 0.00145047, -2.03657E-05, 0.9999989
63808868691771, -9.415671E-07, 0.001457683, -2.752163E-05, 0.999999
63808868691781, -3.946945E-06, 0.001446754, -4.649023E-05, 0.999999
63808868691791, -3.119931E-06, 0.001436322, -2.488738E-05, 0.999999
63808868691801, -2.465397E-05, 0.001464584, -1.970201E-05, 0.9999989
63808868691811, 2.461765E-05, 0.001454004, -3.501843E-05, 0.9999989
63808868691821, 6.142072E-06, 0.001462363, 9.008683E-06, 0.9999989
63808868691831, 1.170114E-05, 0.001442414, -4.202675E-05, 0.999999
63808868691841, 3.698934E-05, 0.001439392, -5.810638E-06, 0.999999
63808868691851, -4.634261E-06, 0.001445081, 1.4805E-05, 0.999999
63808868691861, 6.178301E-05, 0.001469106, -1.421967E-05, 0.999999
63808868691871, 6.706454E-05, 0.001504409, -4.145084E-06, 0.9999989
63808868691882, 7.861666E-05, 0.001503156, -1.644285E-05, 0.9999989
63808868691891, 0.0001064315, 0.00148623, 1.794228E-05, 0.9999989
63808868691901, 0.0001195753, 0.001467682, -4.280941E-06, 0.999999
63808868691911, 0.0001472495, 0.001463041, -3.944384E-06, 0.9999989
63808868691921, 0.0001557563, 0.001468971, -1.312385E-05, 0.999999
63808868691931, 0.0001233825, 0.001452893, -1.641235E-05, 0.999999
63808868691941, 0.0001258533, 0.00147512, -4.148576E-06, 0.999999
63808868691951, 0.0001585633, 0.00151327, -5.767215E-07, 0.9999989
63808868691962, 0.0001707356, 0.001548289, 2.931012E-05, 0.9999989
63808868691971, 0.0001935074, 0.001541262, 2.885005E-06, 0.9999988
63808868691981, 0.0002185404, 0.001517855, -1.815613E-05, 0.9999988
63808868691991, 0.0001960481, 0.001514769, -6.806687E-06, 0.9999989
63808868692001, 0.0002370356, 0.001483273, -3.553764E-05, 0.9999989
63808868692011, 0.0001946297, 0.00147408, 6.50587E-06, 0.999999
63808868692021, 0.0002042931, 0.001498669, 9.825453E-06, 0.9999989
63808868692031, 0.0002001636, 0.001512176, 5.411857E-05, 0.9999988
63808868692041, 0.0001793317, 0.00152499, 7.237867E-05, 0.9999988
63808868692051, 0.0001765098, 0.001523015, 7.312151E-05, 0.9999989
63808868692061, 0.0002011955, 0.001488535, 5.089282E-05, 0.9999989
63808868692071, 0.0001856051, 0.001532499, 5.961477E-05, 0.9999989
63808868692081, 0.0002179118, 0.001563299, 1.660374E-05, 0.9999988
63808868692091, 0.0002226382, 0.001497744, 7.931376E-07, 0.9999989
63808868692101, 0.0002454687, 0.0015078, 1.572666E-05, 0.9999989
63808868692111, 0.0002525756, 0.001503693, 9.222189E-06, 0.9999989
63808868692121, 0.0002730861, 0.001494382, 5.615561E-05, 0.9999989
63808868692131, 0.0002909154, 0.001483729, 6.698712E-05, 0.9999989
63808868692141, 0.0003424594, 0.001493948, 3.691961E-05, 0.999999
63808868692151, 0.0003675018, 0.001496548, 2.480717E-05, 0.9999988
63808868692161, 0.0003399178, 0.001513123, 7.326331E-05, 0.9999988
63808868692171, 0.0003504716, 0.001569969, 0.0001243503, 0.9999987
63808868692181, 0.0003003264, 0.001592398, 0.0001327067, 0.9999987
63808868692191, 0.0002730358, 0.001593118, 0.0001035291, 0.9999987
63808868692201, 0.0002692724, 0.001607062, 0.000138469, 0.9999987
63808868692211, 0.0002812501, 0.001623512, 0.0001684129, 0.9999987
63808868692221, 0.0002635159, 0.001593555, 0.0001089376, 0.9999987
63808868692231, 0.0002849586, 0.001579398, 9.370688E-05, 0.9999987
63808868692241, 0.0002534455, 0.001604202, 0.0001349214, 0.9999987
63808868692251, 0.000200727, 0.001649007, 0.0001464451, 0.9999986
63808868692261, 0.0001883982, 0.001648046, 0.0001220965, 0.9999987
63808868692271, 0.0002168473, 0.001648406, 0.0001091731, 0.9999987
63808868692281, 0.0002490878, 0.001650885, 6.997993E-05, 0.9999986
63808868692291, 0.0002475604, 0.001652167, 7.624633E-05, 0.9999987
63808868692301, 0.000272763, 0.001613227, 5.329645E-05, 0.9999987
63808868692311, 0.0002866536, 0.001589647, 1.083233E-05, 0.9999987
63808868692321, 0.0002861759, 0.001574554, 1.510314E-05, 0.9999987
63808868692331, 0.0003062934, 0.001580908, 6.220187E-06, 0.9999987
63808868692341, 0.0003471011, 0.001580509, -6.163237E-05, 0.9999987
63808868692351, 0.0003103577, 0.001595757, 2.350623E-05, 0.9999986
63808868692361, 0.0003192574, 0.001593129, -8.424744E-06, 0.9999987
63808868692371, 0.0003216797, 0.001591712, -1.879025E-05, 0.9999987
63808868692381, 0.0003125658, 0.001592834, -2.163067E-05, 0.9999988
63808868692391, 0.0002802415, 0.001589928, -2.273486E-05, 0.9999988
63808868692401, 0.0002664132, 0.001629285, -8.683535E-06, 0.9999986
63808868692411, 0.0002508266, 0.001645603, -8.421252E-06, 0.9999986
63808868692421, 0.0002599852, 0.00163347, -1.907034E-05, 0.9999987
63808868692431, 0.0002741395, 0.001639486, -7.136608E-06, 0.9999987
63808868692441, 0.0002655759, 0.001636235, -2.108188E-05, 0.9999987
63808868692451, 0.0002872953, 0.001627372, -4.685915E-05, 0.9999986
63808868692461, 0.0002907338, 0.001637783, -2.047583E-05, 0.9999986
63808868692471, 0.0003074184, 0.001657286, -4.643947E-05, 0.9999986
63808868692481, 0.0003524683, 0.001671966, -6.310595E-05, 0.9999985
63808868692491, 0.0003488837, 0.001666068, -5.59052E-05, 0.9999986
63808868692501, 0.0003632037, 0.001651229, -7.853413E-05, 0.9999986
63808868692511, 0.0003333222, 0.001618826, -9.628234E-05, 0.9999986
63808868692521, 0.0003169943, 0.001659228, -4.41781E-05, 0.9999986
63808868692531, 0.0003150692, 0.001616694, -7.987756E-05, 0.9999987
63808868692541, 0.0003331974, 0.001637168, -8.701906E-05, 0.9999986
63808868692551, 0.0003151288, 0.001602169, -9.427429E-05, 0.9999987
63808868692561, 0.000336146, 0.001612498, -9.468163E-05, 0.9999987
63808868692571, 0.0003490727, 0.00158918, -0.0001162632, 0.9999988
63808868692581, 0.0003112229, 0.001573767, -0.0001143394, 0.9999987
63808868692591, 0.0003075255, 0.001567856, -9.86486E-05, 0.9999987
63808868692601, 0.0002800152, 0.001573924, -4.976417E-05, 0.9999987
63808868692611, 0.0002754014, 0.001564596, -2.449355E-05, 0.9999987
63808868692621, 0.0002478864, 0.001580354, -3.695628E-05, 0.9999987
63808868692631, 0.0002288204, 0.00158701, -3.301608E-05, 0.9999987
63808868692641, 0.0002310993, 0.001602942, -4.264503E-05, 0.9999987
63808868692651, 0.0002185153, 0.001588074, 5.238107E-06, 0.9999987
63808868692661, 0.0002080183, 0.001593527, 2.257025E-05, 0.9999987
63808868692671, 0.0002219705, 0.001559248, -2.153986E-05, 0.9999988
63808868692681, 0.0002347827, 0.001545273, -3.922149E-06, 0.9999989
63808868692691, 0.0002248734, 0.001538489, 1.267612E-05, 0.9999989
63808868692701, 0.0002229055, 0.001536135, 3.561622E-05, 0.9999988
63808868692711, 0.000220607, 0.001548959, 5.459564E-05, 0.9999988
63808868692721, 0.0002381895, 0.001548821, 2.358004E-05, 0.9999988
63808868692731, 0.0002457257, 0.001524709, 4.155794E-05, 0.9999989
63808868692741, 0.0002606949, 0.001510162, 2.03395E-05, 0.9999989
63808868692751, 0.0002514347, 0.001510156, 7.418799E-06, 0.9999989
63808868692761, 0.0002325736, 0.001513727, 2.820755E-05, 0.9999989
63808868692771, 0.0002029277, 0.001500758, 4.662562E-05, 0.9999989
63808868692781, 0.0002082046, 0.00149105, 7.3225E-05, 0.9999989
63808868692791, 0.0002310844, 0.001485475, 5.404023E-05, 0.9999989
63808868692801, 0.0002212077, 0.001428451, 3.722543E-05, 0.999999
63808868692811, 0.0001949668, 0.001420672, 7.394701E-06, 0.999999
63808868692821, 0.0001620352, 0.001433051, 1.722504E-05, 0.999999
63808868692832, 0.0001181075, 0.00145227, 9.446568E-05, 0.9999989
63808868692841, 0.0001202514, 0.001431958, 5.828217E-05, 0.9999989
63808868692851, 0.0001253914, 0.001447868, 7.754285E-05, 0.9999989
63808868692861, 0.000146904, 0.001454992, 8.184358E-05, 0.999999
63808868692871, 0.0001457268, 0.001437056, 0.0001024812, 0.9999989
63808868692881, 0.0001413841, 0.001433169, 9.969331E-05, 0.999999
63808868692891, 0.0001508081, 0.001471119, 0.0001017057, 0.9999989
63808868692901, 0.0001614727, 0.001444157, 9.435893E-05, 0.999999
63808868692911, 0.0002105106, 0.001411264, 7.772131E-05, 0.9999989
63808868692921, 0.0002196478, 0.001393949, 0.0001137669, 0.999999
63808868692931, 0.0002155583, 0.001389807, 8.442556E-05, 0.999999
63808868692941, 0.000208756, 0.001360281, 5.338341E-05, 0.9999991
63808868692951, 0.0001999475, 0.001355374, 5.136302E-05, 0.999999
63808868692961, 0.0001925239, 0.001326925, 5.216023E-05, 0.9999992
63808868692972, 0.0002097972, 0.001318014, 6.887096E-05, 0.9999991
63808868692981, 0.0002119783, 0.001336022, 5.982886E-05, 0.9999991
63808868692991, 0.0002323352, 0.001345989, 8.593174E-05, 0.999999
63808868693001, 0.0002341792, 0.001338245, 9.522657E-05, 0.9999992
63808868693011, 0.0002246853, 0.001322027, 0.0001043634, 0.9999992
63808868693021, 0.0002197716, 0.001332101, 0.0001082725, 0.9999991
63808868693031, 0.0002167867, 0.001308645, 8.929195E-05, 0.9999992
63808868693041, 0.0002246946, 0.001297937, 9.389897E-05, 0.9999992
63808868693051, 0.0002381476, 0.001271842, 9.274087E-05, 0.9999992
63808868693061, 0.0002216548, 0.001270187, 6.902998E-05, 0.9999993
63808868693071, 0.0002267892, 0.00127563, 7.115607E-05, 0.9999992
63808868693081, 0.000212294, 0.001289154, 7.537438E-05, 0.9999992
63808868693091, 0.0002452852, 0.00130573, 0.0001215833, 0.9999992
63808868693101, 0.0002650339, 0.001309445, 0.0001309015, 0.9999992
63808868693111, 0.0002892641, 0.001306715, 0.0001469663, 0.9999992
63808868693121, 0.0002961615, 0.001282304, 0.000118278, 0.9999992
63808868693131, 0.0003003618, 0.001283565, 0.0001003393, 0.9999992
63808868693141, 0.0002921401, 0.001305038, 0.0001420104, 0.9999992
63808868693151, 0.0002849512, 0.001356869, 0.0001489659, 0.9999991
63808868693161, 0.0002902364, 0.001380046, 0.0001687841, 0.999999
63808868693171, 0.0002584998, 0.001375324, 0.0002011013, 0.9999992
63808868693181, 0.00025569, 0.001353033, 0.0001980927, 0.999999
63808868693191, 0.0002684454, 0.001373484, 0.0002098476, 0.9999991
63808868693201, 0.0002552075, 0.00139292, 0.0002241849, 0.999999
63808868693211, 0.0002425779, 0.001402803, 0.000239276, 0.9999991
63808868693221, 0.0002337126, 0.001411019, 0.0002298525, 0.999999
63808868693231, 0.0002413178, 0.001429933, 0.0001724474, 0.9999989
63808868693241, 0.0002615117, 0.001407548, 0.000144365, 0.9999989
63808868693251, 0.0002625901, 0.001465954, 0.0002082465, 0.9999989
63808868693261, 0.0002711201, 0.001469573, 0.0002363266, 0.9999989
63808868693271, 0.0002393601, 0.00149034, 0.0002441892, 0.9999989
63808868693281, 0.0002495982, 0.001449721, 0.0002802814, 0.999999
63808868693291, 0.0002426952, 0.001434923, 0.0002801906, 0.9999989
63808868693301, 0.0002409918, 0.001457216, 0.0002584666, 0.999999
63808868693311, 0.0002017878, 0.001513524, 0.0002608544, 0.9999988
63808868693321, 0.0002031382, 0.001519614, 0.0002332169, 0.9999989
63808868693331, 0.0001699459, 0.001550663, 0.0002361046, 0.9999987
63808868693341, 0.0001418227, 0.001554788, 0.0002156839, 0.9999987
63808868693351, 0.0001642564, 0.001556263, 0.0002220476, 0.9999987
63808868693361, 0.0001663193, 0.001523908, 0.0001926319, 0.9999988
63808868693371, 0.0001780884, 0.001517279, 0.0001982972, 0.9999989
63808868693381, 0.0001876289, 0.001506276, 0.0001838588, 0.9999989
63808868693391, 0.0001661396, 0.001503689, 0.0001815257, 0.9999989
63808868693401, 0.0001642173, 0.001530672, 0.0001886325, 0.9999989
63808868693411, 0.0001869714, 0.001549789, 0.0001838699, 0.9999988
63808868693421, 0.0002005044, 0.001519431, 0.0001639007, 0.9999989
63808868693431, 0.0001468817, 0.0015338, 0.0001766641, 0.9999989
63808868693441, 0.000153238, 0.001535863, 0.0001370811, 0.9999989
63808868693451, 0.0001508268, 0.001541181, 0.0001431821, 0.9999989
63808868693461, 0.000122617, 0.001503485, 0.000143829, 0.9999988
63808868693471, 9.87025E-05, 0.001497521, 0.0001640473, 0.9999989
63808868693481, 8.491799E-05, 0.001492185, 0.0001384023, 0.999999
63808868693491, 8.417573E-05, 0.001474736, 0.000130363, 0.9999989
63808868693501, 5.085301E-05, 0.001484161, 9.710249E-05, 0.999999
63808868693511, 5.159806E-05, 0.001503122, 9.596208E-05, 0.9999989
63808868693521, 7.157121E-05, 0.001491009, 9.626115E-05, 0.9999989
63808868693531, 0.0001009675, 0.00148377, 5.916611E-05, 0.999999
63808868693541, 0.0001250645, 0.001476819, 6.239745E-05, 0.999999
63808868693551, 0.0001072548, 0.001450936, 8.132297E-05, 0.999999
63808868693562, 0.0001208419, 0.001439176, 2.306595E-05, 0.999999
63808868693571, 0.0001406493, 0.001419101, 2.007582E-06, 0.999999
63808868693581, 0.0001093764, 0.001413285, 3.331457E-06, 0.999999
63808868693591, 9.201653E-05, 0.001420429, -3.620749E-06, 0.999999
63808868693601, 7.823668E-05, 0.001406025, -3.728794E-05, 0.9999991
63808868693611, 5.850475E-05, 0.0014085, -2.822524E-05, 0.999999
63808868693621, 2.963375E-05, 0.00139012, -4.83304E-05, 0.9999992
63808868693631, 4.017539E-05, 0.001382055, -4.62461E-05, 0.9999991
63808868693641, 5.275942E-06, 0.001416498, -2.263719E-05, 0.9999991
63808868693651, 6.221607E-05, 0.001439209, -5.461939E-05, 0.999999
63808868693661, 5.869195E-05, 0.001450341, -5.901733E-05, 0.9999989
63808868693671, 6.605685E-05, 0.001445346, -0.000115094, 0.999999
63808868693681, 1.577288E-05, 0.00147166, -9.308418E-05, 0.999999
63808868693691, -4.360452E-06, 0.00150417, -6.053597E-05, 0.9999989
63808868693701, 3.293343E-05, 0.001500759, -0.0001064014, 0.9999989
63808868693711, 3.47225E-05, 0.001525816, -8.043309E-05, 0.9999988
63808868693721, 6.334763E-05, 0.001535958, -0.0001165849, 0.9999989
63808868693731, 6.296486E-05, 0.001510548, -0.0001227794, 0.9999989
63808868693741, 6.248616E-05, 0.00147139, -0.0001420848, 0.999999
63808868693751, 6.663613E-05, 0.001403764, -0.0001847219, 0.9999991
63808868693761, 4.251115E-05, 0.001391278, -0.0001819744, 0.999999
63808868693772, 8.546747E-05, 0.001358492, -0.0002167325, 0.9999992
63808868693782, 0.0001260489, 0.001356655, -0.0002517275, 0.999999
63808868693791, 8.813571E-05, 0.001316752, -0.0002592261, 0.9999991
63808868693801, 0.0001222016, 0.001297842, -0.000300537, 0.9999992
63808868693811, 0.0001120074, 0.001322805, -0.0003160073, 0.9999992
63808868693821, 0.0001127478, 0.001288817, -0.0003144675, 0.9999992
63808868693831, 0.000113125, 0.001286653, -0.0003195283, 0.9999992
63808868693841, 0.000129519, 0.001260083, -0.0003689919, 0.9999992
63808868693851, 0.0001226049, 0.001275624, -0.0003180328, 0.9999991
63808868693861, 0.0001291009, 0.001316878, -0.0003230313, 0.999999
63808868693872, 7.541291E-05, 0.001318605, -0.0002696338, 0.9999991
63808868693881, 6.842613E-05, 0.001280322, -0.0002856548, 0.9999991
63808868693891, 0.0001135338, 0.001245844, -0.000290564, 0.9999992
63808868693901, 0.0001050066, 0.001235179, -0.0003158806, 0.9999992
63808868693911, 0.0001344206, 0.00122042, -0.0003470175, 0.9999992
63808868693921, 0.0001471909, 0.001212849, -0.0003122694, 0.9999993
63808868693931, 0.000142877, 0.001208117, -0.0003534066, 0.9999992
63808868693941, 0.0001134779, 0.001187287, -0.0003745779, 0.9999993
63808868693951, 0.0001153955, 0.001173385, -0.0004085111, 0.9999993
63808868693961, 9.865128E-05, 0.001164833, -0.0004276079, 0.9999992
63808868693971, 0.0001190314, 0.001120524, -0.0004306311, 0.9999993
63808868693982, 0.0001138281, 0.001121073, -0.000424438, 0.9999994
63808868693991, 0.0001218561, 0.001129937, -0.0004361785, 0.9999993
63808868694001, 0.0001166575, 0.001135134, -0.0004267688, 0.9999993
63808868694011, 0.0001207925, 0.001117595, -0.0004613778, 0.9999993
63808868694021, 0.0001178868, 0.001129937, -0.0004507481, 0.9999993
63808868694031, 0.0001196461, 0.00112455, -0.0004435837, 0.9999993
63808868694041, 0.000110046, 0.00111379, -0.0004224656, 0.9999993
63808868694051, 8.789357E-05, 0.001103604, -0.0003975941, 0.9999994
63808868694061, 0.0001134109, 0.001088659, -0.0004156801, 0.9999993
63808868694071, 0.0001263525, 0.001120018, -0.0004334425, 0.9999993
63808868694081, 0.0001450386, 0.001103494, -0.00046618, 0.9999993
63808868694091, 0.0001434041, 0.001097513, -0.0004799106, 0.9999993
63808868694101, 0.0001443429, 0.001084676, -0.0005104798, 0.9999994
63808868694111, 0.0001368886, 0.001075806, -0.0005041749, 0.9999994
63808868694121, 0.0001169788, 0.001101349, -0.0004524525, 0.9999994
63808868694131, 0.0001166379, 0.001104752, -0.0004404121, 0.9999993
63808868694141, 0.0001146514, 0.001109953, -0.0004199502, 0.9999993
63808868694151, 7.02627E-05, 0.001117354, -0.0003868608, 0.9999993
63808868694161, 8.909497E-05, 0.001135645, -0.0004169469, 0.9999994
63808868694171, 7.060543E-05, 0.001171038, -0.0004283218, 0.9999993
63808868694181, 5.78789E-05, 0.001171842, -0.0004638148, 0.9999993
63808868694191, 3.574602E-05, 0.001171421, -0.0004832334, 0.9999992
63808868694201, 5.165581E-05, 0.001180476, -0.0005076784, 0.9999992
63808868694211, 3.636163E-05, 0.001218715, -0.0004530743, 0.9999993
63808868694221, 6.925315E-06, 0.001216039, -0.0004574057, 0.9999992
63808868694231, 1.631584E-05, 0.001219325, -0.0004536274, 0.9999992
63808868694241, 3.672205E-05, 0.001237512, -0.0004120592, 0.9999993
63808868694251, 2.822466E-05, 0.001230308, -0.0003915606, 0.9999992
63808868694261, 1.747441E-05, 0.001271512, -0.0003596949, 0.9999992
63808868694271, 1.123734E-05, 0.001332304, -0.0003373264, 0.9999992
63808868694281, 5.103648E-06, 0.001351051, -0.0003370631, 0.999999
63808868694291, -5.65825E-05, 0.001348133, -0.0003102351, 0.999999
63808868694301, -2.324674E-05, 0.001343967, -0.0003329059, 0.9999992
63808868694311, -2.963096E-05, 0.001345318, -0.0003405048, 0.999999
63808868694321, -5.68144E-05, 0.001363797, -0.0002889507, 0.999999
63808868694331, -6.728061E-05, 0.001407091, -0.0002885798, 0.999999
63808868694341, -8.192193E-05, 0.001377983, -0.0003003456, 0.999999
63808868694351, -7.990189E-05, 0.001375372, -0.0003052494, 0.999999
63808868694361, -9.943638E-05, 0.001407913, -0.0002817707, 0.9999989
63808868694371, -0.0001149224, 0.001415236, -0.0002415555, 0.999999
63808868694381, -8.726679E-05, 0.001416894, -0.0002609658, 0.9999989
63808868694391, -0.0001120111, 0.001471875, -0.0003046866, 0.999999
63808868694401, -0.0001185788, 0.001465498, -0.0003221603, 0.999999
63808868694411, -0.0001167729, 0.001464037, -0.0003303317, 0.9999989
63808868694421, -0.0001253057, 0.00148191, -0.0003527433, 0.9999988
63808868694431, -0.0001184735, 0.001508173, -0.0003600151, 0.9999989
63808868694441, -4.527438E-05, 0.001513586, -0.0003720279, 0.9999987
63808868694451, -6.376393E-05, 0.001513056, -0.0003874582, 0.9999988
63808868694461, -6.406195E-05, 0.001538078, -0.0003859302, 0.9999987
63808868694471, -1.059566E-05, 0.001532939, -0.0004020506, 0.9999987
63808868694482, -3.801659E-06, 0.001556163, -0.0003785853, 0.9999987
63808868694491, 4.770234E-06, 0.001533221, -0.0003869735, 0.9999988
63808868694501, -2.823677E-05, 0.00156138, -0.0003010804, 0.9999988
63808868694511, -3.499165E-05, 0.001565943, -0.000305669, 0.9999988
63808868694521, -2.381671E-05, 0.001562792, -0.0003105517, 0.9999987
63808868694531, -1.616403E-05, 0.001578194, -0.0003345605, 0.9999986
63808868694541, -4.485436E-05, 0.001588, -0.0002833951, 0.9999987
63808868694551, -2.531242E-05, 0.001622488, -0.0002731186, 0.9999987
63808868694561, 2.870336E-05, 0.001654321, -0.000288488, 0.9999986
63808868694571, 1.572631E-05, 0.001679076, -0.0002929022, 0.9999985
63808868694581, 2.043322E-05, 0.001685796, -0.0002738951, 0.9999986
63808868694591, 1.709536E-05, 0.001678052, -0.0002946969, 0.9999986
63808868694601, 3.318489E-05, 0.001684888, -0.0002850213, 0.9999986
63808868694611, 5.020201E-05, 0.001750305, -0.0002919151, 0.9999985
63808868694621, 3.86769E-05, 0.001735242, -0.0002863752, 0.9999985
63808868694631, 2.948567E-05, 0.001720454, -0.0002995941, 0.9999985
63808868694641, 4.404131E-05, 0.001714207, -0.0003059333, 0.9999985
63808868694651, 4.72106E-05, 0.001712024, -0.0003250493, 0.9999985
63808868694661, 3.309827E-05, 0.001729411, -0.0003097588, 0.9999985
63808868694671, 5.498994E-05, 0.001749588, -0.0003227342, 0.9999985
63808868694681, 6.158091E-05, 0.001763126, -0.0003653205, 0.9999984
63808868694691, 7.616822E-05, 0.001751837, -0.0003686582, 0.9999985
63808868694701, 5.000271E-05, 0.001770575, -0.0003235914, 0.9999985
63808868694711, 4.767533E-05, 0.001772726, -0.0002842104, 0.9999984
63808868694721, 5.756691E-05, 0.001767114, -0.0002936565, 0.9999985
63808868694731, 4.241057E-05, 0.001794359, -0.000282408, 0.9999984
63808868694741, 4.833192E-05, 0.001841882, -0.0002688126, 0.9999984
63808868694751, 5.554873E-05, 0.001857849, -0.0002923859, 0.9999983
63808868694761, 6.379653E-05, 0.001830993, -0.0003158167, 0.9999985
63808868694771, 3.530644E-05, 0.001842388, -0.000314209, 0.9999983
63808868694781, 5.269982E-05, 0.001859981, -0.0003550912, 0.9999983
63808868694792, 4.44185E-05, 0.001859437, -0.0003262836, 0.9999982
63808868694801, 3.135763E-05, 0.001855734, -0.0003001569, 0.9999983
63808868694811, 2.934411E-05, 0.001865683, -0.0003285693, 0.9999982
63808868694821, 2.499111E-05, 0.001862555, -0.0003928379, 0.9999982
63808868694831, 6.930903E-06, 0.001846333, -0.0003941071, 0.9999983
63808868694842, 3.243797E-05, 0.001830598, -0.0004290303, 0.9999983
63808868694851, 7.573236E-05, 0.001851003, -0.0004216674, 0.9999983
63808868694861, 5.935878E-05, 0.001847606, -0.0003942179, 0.9999982
63808868694872, 4.924182E-05, 0.001828151, -0.0004141446, 0.9999983
63808868694881, 3.069546E-05, 0.001853472, -0.000362562, 0.9999983
63808868694891, 1.9853E-05, 0.001850356, -0.0003911747, 0.9999983
63808868694901, 1.994148E-05, 0.00184604, -0.0003992525, 0.9999983
63808868694911, 5.799346E-06, 0.001892663, -0.0003741881, 0.9999983
63808868694921, 6.931834E-06, 0.001858485, -0.0003724408, 0.9999982
63808868694931, 9.7109E-06, 0.001832964, -0.0003762498, 0.9999984
63808868694941, 3.556628E-05, 0.001827923, -0.0004084435, 0.9999983
63808868694951, 2.792757E-05, 0.001851899, -0.0003426792, 0.9999983
63808868694961, 1.769979E-05, 0.001830201, -0.0003476846, 0.9999984
63808868694971, 1.804903E-05, 0.001837579, -0.0003549565, 0.9999983
63808868694981, 4.198123E-05, 0.001829718, -0.0004091526, 0.9999983
63808868694991, 5.177967E-05, 0.001845961, -0.0003430408, 0.9999983
63808868695001, 6.679446E-05, 0.001853597, -0.0003166662, 0.9999983
63808868695011, 7.543061E-05, 0.00183275, -0.0003346119, 0.9999983
63808868695021, 7.036701E-05, 0.00182648, -0.0003481937, 0.9999983
63808868695032, 8.881837E-05, 0.001830987, -0.0003486371, 0.9999982
63808868695041, 8.869544E-05, 0.001833294, -0.0003711409, 0.9999983
63808868695051, 0.0001098188, 0.001847381, -0.0003509698, 0.9999982
63808868695062, 0.0001390958, 0.001852144, -0.0003681286, 0.9999983
63808868695071, 0.0001348453, 0.001866189, -0.0003521257, 0.9999982
63808868695082, 0.0001228275, 0.001851441, -0.0003403203, 0.9999983
63808868695091, 0.0001223339, 0.001855837, -0.0003527044, 0.9999983
63808868695101, 0.0001063999, 0.001901777, -0.0003382654, 0.9999983
63808868695111, 0.0001272261, 0.001918417, -0.0002988545, 0.9999982
63808868695121, 0.0001137163, 0.001925443, -0.0002606773, 0.9999981
63808868695131, 0.0001359675, 0.001919921, -0.0002566685, 0.9999981
63808868695141, 0.0001188675, 0.001908806, -0.0002381161, 0.9999982
63808868695151, 0.0001285663, 0.001890767, -0.0002639254, 0.9999982
63808868695161, 0.0001745084, 0.001915972, -0.0003144013, 0.9999981
63808868695171, 0.0002206266, 0.001903558, -0.0003106996, 0.9999982
63808868695181, 0.0001998907, 0.001916389, -0.0003002068, 0.9999982
63808868695191, 0.0002441267, 0.001906281, -0.0002788492, 0.9999982
63808868695201, 0.0002483241, 0.001887938, -0.0002596809, 0.9999982
63808868695211, 0.0002530022, 0.001930355, -0.0002220586, 0.9999982
63808868695221, 0.0002617305, 0.001921138, -0.000201822, 0.9999982
63808868695231, 0.0002863668, 0.001938417, -0.0002158289, 0.9999981
63808868695241, 0.0002767062, 0.001946222, -0.0001984676, 0.9999981
63808868695251, 0.0002469616, 0.001920986, -0.0001755612, 0.9999981
63808868695261, 0.0002686027, 0.00187524, -0.0001444746, 0.9999983
63808868695271, 0.0002552466, 0.001876378, -0.0001009662, 0.9999982
63808868695281, 0.0002577305, 0.001854907, -9.452924E-05, 0.9999982
63808868695291, 0.0002793567, 0.001868523, -9.184703E-05, 0.9999983
63808868695301, 0.0002641287, 0.001876557, -0.0001156027, 0.9999983
63808868695311, 0.0002377173, 0.001890876, -0.0001249291, 0.9999982
63808868695321, 0.0002326705, 0.001875602, -0.0001508456, 0.9999982
63808868695331, 0.000216594, 0.001823267, -0.0001629383, 0.9999983
63808868695341, 0.0002489919, 0.001797269, -0.0002229778, 0.9999983
63808868695351, 0.0002549179, 0.001806203, -0.0001854079, 0.9999984
63808868695361, 0.0002348348, 0.001864193, -0.0001842389, 0.9999982
63808868695371, 0.0002531484, 0.001873307, -0.0001898208, 0.9999983
63808868695381, 0.0002584672, 0.00189639, -0.0001685192, 0.9999982
63808868695391, 0.0002672477, 0.001894327, -0.0001631498, 0.9999982
63808868695401, 0.000281739, 0.001897952, -0.0001736612, 0.9999982
63808868695411, 0.0002822289, 0.00190637, -0.0001731423, 0.9999982
63808868695421, 0.0002569789, 0.001933751, -0.0001036134, 0.9999982
63808868695431, 0.0002436498, 0.001953318, -0.000111184, 0.999998
63808868695441, 0.0002316404, 0.001981231, -9.21539E-05, 0.999998
63808868695451, 0.0002560215, 0.001958803, -8.008117E-05, 0.9999981
63808868695461, 0.0002779718, 0.001961765, -8.081249E-05, 0.9999981
63808868695471, 0.0002964111, 0.00193948, -8.912827E-05, 0.999998
63808868695481, 0.0003296519, 0.001923461, -9.842182E-05, 0.9999981
63808868695491, 0.0003345683, 0.001948935, -9.341212E-05, 0.9999981
63808868695501, 0.0002880916, 0.00197978, -8.061645E-06, 0.9999981
63808868695511, 0.000297023, 0.001967789, -5.003065E-05, 0.9999981
63808868695521, 0.0002807286, 0.001943227, -6.810413E-05, 0.9999981
63808868695531, 0.0002748538, 0.001901307, -0.0001183113, 0.9999982
63808868695541, 0.0003056293, 0.001890153, -0.0001293321, 0.9999982
63808868695551, 0.0002912851, 0.001893778, -0.0001235572, 0.9999982
63808868695561, 0.0002573403, 0.001887298, -0.0001573504, 0.9999983
63808868695571, 0.0002558986, 0.001883033, -0.0001555064, 0.9999982
63808868695581, 0.0002424419, 0.001886743, -0.0001401, 0.9999982
63808868695591, 0.0002356824, 0.001888455, -0.0001690057, 0.9999982
63808868695601, 0.0002096649, 0.001866956, -0.0001534944, 0.9999983
63808868695611, 0.0002092989, 0.001893727, -0.0001488227, 0.9999983
63808868695621, 0.0001949565, 0.001878863, -0.0001092823, 0.9999983
63808868695631, 0.0002172366, 0.001882165, -0.0001229226, 0.9999983
63808868695641, 0.0002195369, 0.001893384, -0.0001441232, 0.9999983
63808868695651, 0.0002500713, 0.001931537, -0.0001606132, 0.9999982
63808868695661, 0.0002438845, 0.001923763, -0.0001380825, 0.9999981
63808868695671, 0.0002497956, 0.00190043, -0.0001663428, 0.9999982
63808868695681, 0.0002358593, 0.001881031, -0.0001658665, 0.9999982
63808868695691, 0.0002279729, 0.001861412, -0.0001680658, 0.9999983
63808868695701, 0.0002377871, 0.00190022, -0.0001481426, 0.9999982
63808868695711, 0.0002538981, 0.00189654, -0.0001515201, 0.9999982
63808868695721, 0.0002532834, 0.001897722, -0.0001220779, 0.9999982
63808868695731, 0.0002482068, 0.001911583, -0.000154811, 0.9999981
63808868695741, 0.0002400354, 0.001931136, -0.0001467442, 0.9999982
63808868695751, 0.0002611876, 0.001914098, -0.0001107192, 0.9999982
63808868695761, 0.0002587959, 0.00197843, -9.721273E-05, 0.999998
63808868695771, 0.0002690135, 0.00196142, -0.000127001, 0.9999982
63808868695781, 0.0003010742, 0.001980252, -0.0001693288, 0.999998
63808868695791, 0.0002713557, 0.001990968, -0.0001107388, 0.999998
63808868695801, 0.0002716035, 0.001956507, -0.0001194397, 0.999998
63808868695811, 0.0002661711, 0.00191362, -0.0001820761, 0.9999982
63808868695821, 0.0002424009, 0.001936463, -0.0001772936, 0.9999982
63808868695831, 0.0002685562, 0.00192764, -0.0002001848, 0.9999982
63808868695841, 0.000258307, 0.001938033, -0.0002046747, 0.9999982
63808868695851, 0.0002622055, 0.001939051, -0.0002186436, 0.999998
63808868695861, 0.0002736058, 0.001910662, -0.0001936432, 0.9999982
63808868695871, 0.0002768813, 0.001917324, -0.0001833113, 0.9999982
63808868695881, 0.0002704039, 0.001906977, -0.0001740593, 0.9999981
63808868695891, 0.0002704309, 0.001893921, -0.0001555588, 0.9999983
63808868695901, 0.0002874872, 0.001894847, -0.0002064725, 0.9999982
63808868695911, 0.0002800794, 0.001864825, -0.0002017488, 0.9999982
63808868695921, 0.0002267584, 0.001873562, -0.0001621724, 0.9999982
63808868695931, 0.0002499931, 0.001846312, -0.0001438254, 0.9999982
63808868695941, 0.0002640858, 0.001856465, -0.0001533474, 0.9999983
63808868695951, 0.0002701124, 0.001861328, -0.0001474825, 0.9999983
63808868695961, 0.0002875607, 0.001862021, -0.0001342982, 0.9999982
63808868695971, 0.0002939748, 0.001862166, -0.0001484207, 0.9999983
63808868695981, 0.000295111, 0.001853848, -0.0001619826, 0.9999983
63808868695991, 0.0003057411, 0.001861915, -0.0001645904, 0.9999982
63808868696001, 0.0002956176, 0.001870707, -0.0001779605, 0.9999983
63808868696011, 0.0002967017, 0.001916291, -0.000159704, 0.9999982
63808868696021, 0.0002909265, 0.001946163, -0.000181713, 0.999998
63808868696031, 0.0002973014, 0.001933408, -0.000200189, 0.9999981
63808868696041, 0.0003209766, 0.001943686, -0.0002067117, 0.9999981
63808868696051, 0.000359497, 0.001941673, -0.0002406213, 0.9999981
63808868696061, 0.0003822939, 0.001921332, -0.0002442464, 0.9999982
63808868696071, 0.0003940901, 0.001895715, -0.0002451383, 0.9999981
63808868696081, 0.0003889035, 0.001887505, -0.0002354176, 0.9999982
63808868696091, 0.0003883867, 0.00188374, -0.0002711012, 0.9999982
63808868696101, 0.0003851969, 0.001903053, -0.0002882348, 0.9999982
63808868696111, 0.0003977371, 0.001906525, -0.0002797464, 0.9999982
63808868696121, 0.0003677206, 0.001966703, -0.0002424681, 0.999998
63808868696131, 0.0003728503, 0.001954643, -0.0002381477, 0.999998
63808868696141, 0.0003892789, 0.00197883, -0.0002359531, 0.999998
63808868696151, 0.0003333511, 0.001987743, -0.0001237917, 0.999998
63808868696161, 0.0003518257, 0.002007203, -0.0001505701, 0.9999979
63808868696171, 0.000391298, 0.001979044, -0.000137443, 0.9999982
63808868696181, 0.0003776941, 0.001962348, -0.0001418642, 0.999998
63808868696192, 0.0004021935, 0.001953392, -0.0001374655, 0.9999981
63808868696202, 0.0004157405, 0.001951917, -0.0001520556, 0.9999981
63808868696211, 0.0003660973, 0.001968092, -0.0001128075, 0.999998
63808868696221, 0.000394051, 0.001944294, -0.0001338442, 0.999998
63808868696231, 0.0003859289, 0.001938013, -0.0001950066, 0.9999981
63808868696241, 0.0003977967, 0.001973979, -0.0001913753, 0.999998
63808868696251, 0.0003940016, 0.001946432, -0.0002016692, 0.999998
63808868696261, 0.0003514774, 0.001935626, -0.0001954295, 0.9999981
63808868696271, 0.000345204, 0.001963704, -0.0001675552, 0.999998
63808868696281, 0.0003896235, 0.001958385, -0.0001998335, 0.9999981
63808868696291, 0.0003784206, 0.001967627, -0.0001705643, 0.999998
63808868696301, 0.0003858032, 0.002006135, -0.0001915337, 0.999998
63808868696311, 0.0003723847, 0.002042544, -0.000167061, 0.9999979
63808868696321, 0.0003611213, 0.002065731, -0.0001645193, 0.9999979
63808868696332, 0.0003824653, 0.002093918, -0.0001895956, 0.9999977
63808868696341, 0.0003472492, 0.002141636, -0.0001439644, 0.9999977
63808868696351, 0.0003534518, 0.002116261, -0.000178753, 0.9999978
63808868696361, 0.0003489899, 0.002124666, -0.0001702444, 0.9999977
63808868696371, 0.0003350154, 0.002127483, -0.0001626947, 0.9999977
63808868696381, 0.0003276728, 0.00211366, -0.0001930608, 0.9999977
63808868696391, 0.0003549289, 0.002107677, -0.0001893659, 0.9999977
63808868696401, 0.0003636088, 0.002089095, -0.0001717395, 0.9999978
63808868696411, 0.0003474429, 0.002090391, -0.0001572205, 0.9999978
63808868696421, 0.000342085, 0.002045181, -0.0001433889, 0.9999979
63808868696431, 0.0003300495, 0.002019752, -0.000161486, 0.9999979
63808868696441, 0.0003412813, 0.002024454, -0.000154691, 0.9999979
63808868696451, 0.0003601145, 0.002045358, -0.0001775239, 0.9999979
63808868696461, 0.0003252681, 0.002064492, -0.0001475512, 0.9999978
63808868696471, 0.0003655832, 0.002076112, -0.0001237382, 0.9999978
63808868696481, 0.0003825817, 0.002051118, -7.101079E-05, 0.9999979
63808868696491, 0.0003972109, 0.002065354, -4.656857E-05, 0.9999978
63808868696502, 0.0003904104, 0.002062338, -7.685379E-05, 0.9999978
63808868696511, 0.0003814837, 0.002067911, -0.000120106, 0.9999979
63808868696521, 0.0004000142, 0.002042949, -0.0001420508, 0.9999979
63808868696531, 0.0004010322, 0.002026531, -0.0001385977, 0.9999979
63808868696541, 0.000416616, 0.002023045, -0.0001405287, 0.9999979
63808868696551, 0.0004286468, 0.002042974, -0.0001134449, 0.9999979
63808868696561, 0.0004347311, 0.002034408, -0.0001359263, 0.9999979
63808868696571, 0.0004262207, 0.002039073, -0.000120598, 0.9999979
63808868696581, 0.0004355684, 0.002035906, -0.0001657628, 0.9999979
63808868696591, 0.0004515322, 0.002025685, -0.000217179, 0.9999979
63808868696601, 0.0004451368, 0.002009976, -0.0001744705, 0.999998
63808868696611, 0.0004560025, 0.001962, -0.0001841205, 0.999998
63808868696621, 0.0004763585, 0.001962618, -0.0001902077, 0.9999979
63808868696631, 0.0004893234, 0.001954067, -0.0002219928, 0.9999979
63808868696641, 0.0004991842, 0.001905954, -0.0002734869, 0.999998
63808868696651, 0.0005049799, 0.001890189, -0.0002794148, 0.999998
63808868696662, 0.0005188985, 0.001898408, -0.0002888058, 0.999998
63808868696672, 0.0005245721, 0.00189615, -0.0003144901, 0.999998
63808868696681, 0.0005227253, 0.001839766, -0.0003178016, 0.9999982
63808868696691, 0.0005287314, 0.001826026, -0.0003334804, 0.9999982
63808868696701, 0.0005210657, 0.001824117, -0.0003249841, 0.9999981
63808868696711, 0.0004855581, 0.001809465, -0.0003234234, 0.9999982
63808868696721, 0.0004961686, 0.001823467, -0.0003296307, 0.9999983
63808868696731, 0.0004908191, 0.001811667, -0.0003343667, 0.9999982
63808868696741, 0.0005011018, 0.001812029, -0.0003294903, 0.9999982
63808868696751, 0.0004932443, 0.001791855, -0.0003714915, 0.9999983
63808868696761, 0.0004904959, 0.001788895, -0.0003958101, 0.9999983
63808868696771, 0.0004850542, 0.00179056, -0.0003982102, 0.9999983
63808868696782, 0.0005139532, 0.001795558, -0.0004300992, 0.9999983
63808868696791, 0.0005306704, 0.001777604, -0.0004427916, 0.9999983
63808868696801, 0.0005269339, 0.001779218, -0.0004269826, 0.9999982
63808868696811, 0.0005740141, 0.00176103, -0.0004614841, 0.9999982
63808868696821, 0.0005766265, 0.001752535, -0.0004462765, 0.9999982
63808868696831, 0.0005713431, 0.001716611, -0.000502029, 0.9999983
63808868696841, 0.0005626101, 0.001689083, -0.0005118038, 0.9999983
63808868696851, 0.0005591605, 0.001676456, -0.0005366978, 0.9999983
63808868696862, 0.0005513076, 0.00166082, -0.0005520006, 0.9999983
63808868696871, 0.0005483069, 0.001665789, -0.0005327187, 0.9999983
63808868696881, 0.0005929526, 0.001666549, -0.0005565803, 0.9999982
63808868696891, 0.0005770745, 0.00167981, -0.0005385431, 0.9999984
63808868696901, 0.0005777618, 0.001687611, -0.0005744689, 0.9999983
63808868696911, 0.0005752333, 0.001699855, -0.0005753906, 0.9999982
63808868696921, 0.0005957922, 0.001677489, -0.0006104637, 0.9999983
63808868696932, 0.000540738, 0.001718137, -0.0005653823, 0.9999983
63808868696941, 0.0005638376, 0.001703422, -0.0006159066, 0.9999982
63808868696951, 0.0005358355, 0.00170506, -0.0005649562, 0.9999982
63808868696961, 0.0005368656, 0.001714146, -0.0005886423, 0.9999983
63808868696971, 0.0005039303, 0.001721306, -0.0005822749, 0.9999982
63808868696982, 0.0004872046, 0.001725243, -0.0006253155, 0.9999982
63808868696991, 0.0004484057, 0.001747116, -0.0005697041, 0.9999982
63808868697001, 0.0004050052, 0.001764718, -0.0005999859, 0.9999983
63808868697011, 0.0004264973, 0.001742932, -0.0005663885, 0.9999983
63808868697021, 0.0004173834, 0.001734179, -0.0005846466, 0.9999983
63808868697032, 0.000393006, 0.001722223, -0.0005960013, 0.9999983
63808868697041, 0.0003754562, 0.001739837, -0.0006183933, 0.9999983
63808868697051, 0.000383338, 0.001737453, -0.0006296127, 0.9999983
63808868697061, 0.0004106034, 0.001737589, -0.0006167239, 0.9999982
63808868697071, 0.0004152423, 0.001736012, -0.0006575445, 0.9999982
63808868697081, 0.0004285164, 0.001717722, -0.0006800483, 0.9999983
63808868697091, 0.0004243851, 0.001724186, -0.0007011293, 0.9999982
63808868697101, 0.0004228074, 0.001700274, -0.0007024143, 0.9999983
63808868697111, 0.0004372681, 0.001701266, -0.0006792307, 0.9999983
63808868697122, 0.0004363358, 0.001657358, -0.0006954756, 0.9999984
63808868697132, 0.0004646974, 0.001619836, -0.0006585676, 0.9999984
63808868697141, 0.0004489077, 0.001652865, -0.0006343396, 0.9999985
63808868697151, 0.0004685652, 0.001650924, -0.0006654775, 0.9999983
63808868697161, 0.0004648603, 0.001678844, -0.0006531841, 0.9999983
63808868697171, 0.0004609982, 0.001666381, -0.0006504479, 0.9999985
63808868697181, 0.0004677307, 0.001670536, -0.0006558892, 0.9999983
63808868697191, 0.0004683007, 0.001668226, -0.0006372642, 0.9999983
63808868697201, 0.0004665796, 0.001698976, -0.0006263347, 0.9999983
63808868697211, 0.0004564123, 0.001717591, -0.0006274185, 0.9999983
63808868697221, 0.0004700702, 0.001714055, -0.0006306506, 0.9999983
63808868697231, 0.0004752846, 0.001738408, -0.0006477395, 0.9999982
63808868697241, 0.0004834374, 0.00173879, -0.0006334918, 0.9999982
63808868697251, 0.0004800623, 0.001740055, -0.0006555443, 0.9999982
63808868697261, 0.0004915576, 0.001694325, -0.0006810469, 0.9999983
63808868697271, 0.0004591895, 0.001706716, -0.000658731, 0.9999983
63808868697281, 0.0004436094, 0.001704361, -0.0006423991, 0.9999983
63808868697291, 0.0004316466, 0.001707718, -0.0006665908, 0.9999983
63808868697301, 0.0004043598, 0.001738863, -0.0006356074, 0.9999982
63808868697311, 0.0003943341, 0.001751116, -0.0006379146, 0.9999982
63808868697321, 0.0003684629, 0.001758645, -0.0006066316, 0.9999983
63808868697331, 0.0003509754, 0.00172871, -0.0006201533, 0.9999983
63808868697341, 0.0003554132, 0.001764487, -0.0006387952, 0.9999982
63808868697351, 0.000391027, 0.001775276, -0.0006256214, 0.9999983
63808868697361, 0.0004054662, 0.001757903, -0.0006141815, 0.9999982
63808868697371, 0.0004365211, 0.001772303, -0.0006363222, 0.9999982
63808868697381, 0.000436089, 0.001738798, -0.0006226539, 0.9999983
63808868697391, 0.0004185969, 0.001735065, -0.0006173867, 0.9999983
63808868697401, 0.0004339563, 0.001731941, -0.0006171832, 0.9999982
63808868697411, 0.0004375577, 0.001751341, -0.0005822408, 0.9999982
63808868697421, 0.000474982, 0.001767796, -0.0006208644, 0.9999982
63808868697432, 0.0004606862, 0.001773649, -0.0006148794, 0.9999983
63808868697441, 0.0004994012, 0.001760462, -0.0006387503, 0.9999982
63808868697451, 0.0005324176, 0.001752423, -0.0006453729, 0.9999981
63808868697461, 0.0005534058, 0.001759712, -0.000602673, 0.9999982
63808868697471, 0.0005542971, 0.001758711, -0.0006069536, 0.9999983
63808868697481, 0.0005562212, 0.001774131, -0.0005756184, 0.9999982
63808868697491, 0.0005413294, 0.00178508, -0.0005230318, 0.9999982
63808868697501, 0.0005340874, 0.001824476, -0.0005320143, 0.9999982
63808868697511, 0.0005162815, 0.001825989, -0.0005383312, 0.999998
63808868697523, 0.0004954487, 0.001838143, -0.0005329674, 0.9999981
63808868697532, 0.0005199853, 0.001838393, -0.0005177108, 0.999998
63808868697541, 0.0005389759, 0.001804806, -0.0005151789, 0.9999982
63808868697551, 0.0005462598, 0.001778621, -0.0005414641, 0.9999982
63808868697561, 0.000524967, 0.001802866, -0.0005136278, 0.9999982
63808868697571, 0.0005311379, 0.00181662, -0.000522523, 0.9999982
63808868697581, 0.0005243719, 0.001809759, -0.0005468689, 0.9999981
63808868697591, 0.0005484503, 0.001762587, -0.0005621137, 0.9999982
63808868697601, 0.000497737, 0.001751541, -0.0005588472, 0.9999982
63808868697611, 0.0004706355, 0.001735435, -0.0005299674, 0.9999983
63808868697621, 0.0004681125, 0.00177266, -0.0005801794, 0.9999982
63808868697631, 0.0004528305, 0.001777417, -0.000560518, 0.9999982
63808868697641, 0.0004374124, 0.001813318, -0.0005333006, 0.9999982
63808868697651, 0.0004464928, 0.001796211, -0.0005706974, 0.9999982
63808868697661, 0.0004487941, 0.001785994, -0.0005784814, 0.9999982
63808868697671, 0.0004370753, 0.001771742, -0.0006148886, 0.9999982
63808868697681, 0.0004351847, 0.001796291, -0.0006228552, 0.9999982
63808868697691, 0.0004271483, 0.001789324, -0.0006476869, 0.9999982
63808868697701, 0.0004693167, 0.001792016, -0.0006325039, 0.999998
63808868697711, 0.0004678266, 0.001787725, -0.000624883, 0.9999983
63808868697721, 0.0004444672, 0.001799942, -0.0006195788, 0.999998
63808868697731, 0.0004210258, 0.001808555, -0.0005951111, 0.9999982
63808868697742, 0.0003936402, 0.001816837, -0.0005929283, 0.9999982
63808868697752, 0.0003741467, 0.001805778, -0.000586558, 0.9999982
63808868697761, 0.0003714943, 0.001798688, -0.0005933687, 0.9999982
63808868697771, 0.0003692172, 0.001775865, -0.0006018474, 0.9999982
63808868697782, 0.0004152786, 0.001790684, -0.0006129569, 0.9999982
63808868697791, 0.0003983332, 0.001761861, -0.0005878621, 0.9999982
63808868697801, 0.0003945585, 0.001784301, -0.0005725767, 0.9999981
63808868697811, 0.0003520939, 0.001805047, -0.0005619288, 0.9999983
63808868697821, 0.0003252476, 0.001774029, -0.0005635476, 0.9999983
63808868697832, 0.0003419025, 0.001775856, -0.0005641939, 0.9999983
63808868697841, 0.000368692, 0.001801681, -0.000590928, 0.9999982
63808868697851, 0.0003562197, 0.001783546, -0.0005286854, 0.9999983
63808868697861, 0.0003864784, 0.001773677, -0.0005455408, 0.9999983
63808868697871, 0.0003961278, 0.001738101, -0.0005596469, 0.9999983
63808868697881, 0.0003781086, 0.001724732, -0.0005194405, 0.9999983
63808868697891, 0.0003763027, 0.001705223, -0.0005242388, 0.9999984
63808868697901, 0.0003870772, 0.001669102, -0.0005235161, 0.9999984
63808868697911, 0.0004108865, 0.001642594, -0.0005174861, 0.9999985
63808868697921, 0.0004248479, 0.00164763, -0.0004933589, 0.9999985
63808868697931, 0.0003916789, 0.001690092, -0.0004826483, 0.9999983
63808868697941, 0.0004132437, 0.001653373, -0.0004936915, 0.9999985
63808868697951, 0.0004589399, 0.001632855, -0.0005302792, 0.9999985
63808868697961, 0.0004382059, 0.001654728, -0.0005210426, 0.9999985
63808868697971, 0.0004380951, 0.0016287, -0.0005350276, 0.9999985
63808868697981, 0.0004273802, 0.001626324, -0.000555936, 0.9999986
63808868697991, 0.0004296647, 0.001640876, -0.0005471654, 0.9999985
63808868698001, 0.0004598647, 0.001649698, -0.0005494406, 0.9999985
63808868698011, 0.0004710406, 0.001645631, -0.0005233325, 0.9999984
63808868698021, 0.0004749484, 0.001646146, -0.0005634874, 0.9999984
63808868698031, 0.0004762346, 0.001591632, -0.0005454492, 0.9999985
63808868698041, 0.0004873835, 0.001590749, -0.0005381309, 0.9999985
63808868698051, 0.0004929872, 0.00159332, -0.0005156483, 0.9999986
63808868698061, 0.0005263705, 0.001644666, -0.00051047, 0.9999984
63808868698071, 0.0005796291, 0.001589788, -0.0005592373, 0.9999985
63808868698081, 0.0005673924, 0.001590636, -0.0005887217, 0.9999985
63808868698091, 0.0005518245, 0.001567415, -0.0005733905, 0.9999985
63808868698101, 0.0005718917, 0.001597855, -0.0005451805, 0.9999985
63808868698111, 0.0005717995, 0.00160145, -0.000567166, 0.9999984
63808868698121, 0.0006042849, 0.001612287, -0.0006036853, 0.9999984
63808868698131, 0.0006186161, 0.001657673, -0.0006040952, 0.9999983
63808868698141, 0.0006381823, 0.001635132, -0.0005941484, 0.9999983
63808868698151, 0.0006351229, 0.001617318, -0.0005835959, 0.9999983
63808868698161, 0.000636817, 0.001623266, -0.0006101881, 0.9999983
63808868698171, 0.0006133411, 0.001644403, -0.0006055868, 0.9999983
63808868698181, 0.000620869, 0.001665813, -0.0005960694, 0.9999983
63808868698191, 0.0006164638, 0.00166076, -0.0006375741, 0.9999983
63808868698202, 0.000633657, 0.00164681, -0.0005898142, 0.9999983
63808868698211, 0.0006450219, 0.00164009, -0.0005934809, 0.9999985
63808868698221, 0.0006851424, 0.001622179, -0.0005945499, 0.9999983
63808868698231, 0.000687317, 0.00163157, -0.0005765837, 0.9999983
63808868698241, 0.0007043257, 0.001616394, -0.00061089, 0.9999983
63808868698251, 0.0006997958, 0.001597552, -0.0005645031, 0.9999984
63808868698261, 0.0006736135, 0.001581122, -0.0005442812, 0.9999983
63808868698271, 0.0006993301, 0.0015986, -0.0005703097, 0.9999984
63808868698281, 0.0007066932, 0.001584331, -0.0005456647, 0.9999984
63808868698291, 0.0006770389, 0.001604008, -0.0005019361, 0.9999984
63808868698301, 0.0006859107, 0.001594272, -0.0005068551, 0.9999985
63808868698312, 0.0006161062, 0.001594192, -0.0004487262, 0.9999984
63808868698321, 0.0006273165, 0.001582142, -0.0004487478, 0.9999985
63808868698331, 0.0005890829, 0.001603525, -0.0003870917, 0.9999985
63808868698341, 0.0005757324, 0.001582054, -0.000402594, 0.9999986
63808868698351, 0.0005698074, 0.001550738, -0.0003809603, 0.9999987
63808868698361, 0.0006014258, 0.001537608, -0.0004088269, 0.9999987
63808868698371, 0.0005943561, 0.001545982, -0.000366462, 0.9999985
63808868698382, 0.000603443, 0.00151921, -0.0003970751, 0.9999986
63808868698391, 0.0005874308, 0.001570807, -0.0003505764, 0.9999986
63808868698401, 0.0005535251, 0.001583465, -0.0003389412, 0.9999986
63808868698411, 0.000557512, 0.001585606, -0.0003457739, 0.9999986
63808868698421, 0.0005598608, 0.001577952, -0.0003817977, 0.9999986
63808868698432, 0.0005666129, 0.001521993, -0.0004038304, 0.9999987
63808868698441, 0.0005975487, 0.001523298, -0.0004419517, 0.9999986
63808868698451, 0.0005950993, 0.001539555, -0.0004073514, 0.9999986
63808868698461, 0.0005789464, 0.001531712, -0.0003980222, 0.9999986
63808868698471, 0.000599049, 0.001521772, -0.0004388976, 0.9999986
63808868698482, 0.0006241063, 0.001508683, -0.0004651956, 0.9999986
63808868698491, 0.0006181775, 0.001544501, -0.0005002707, 0.9999985
63808868698501, 0.0006029382, 0.00154552, -0.0004988723, 0.9999985
63808868698511, 0.0005970011, 0.001542951, -0.0005159872, 0.9999985
63808868698521, 0.0005883593, 0.00157887, -0.0004628756, 0.9999986
63808868698531, 0.000634579, 0.001525513, -0.0004595991, 0.9999985
63808868698541, 0.0006316816, 0.001494243, -0.0004873544, 0.9999986
63808868698551, 0.0006290199, 0.001494644, -0.0004948376, 0.9999986
63808868698561, 0.0006078826, 0.001486881, -0.0004032834, 0.9999987
63808868698572, 0.0005938215, 0.001511372, -0.0003766802, 0.9999987
63808868698581, 0.0006146422, 0.001525983, -0.0003541618, 0.9999986
63808868698591, 0.0006094417, 0.001518242, -0.0003433425, 0.9999987
63808868698601, 0.0006297408, 0.001540115, -0.0003601504, 0.9999986
63808868698612, 0.0006406307, 0.001510432, -0.0003574964, 0.9999986
63808868698621, 0.0006465819, 0.001496853, -0.0003904072, 0.9999986
63808868698631, 0.0006315969, 0.001488645, -0.0003589735, 0.9999987
63808868698641, 0.0006733267, 0.001535046, -0.0003990132, 0.9999986
63808868698651, 0.0006804904, 0.001526146, -0.0004256032, 0.9999986
63808868698661, 0.0006596223, 0.001501486, -0.0004085071, 0.9999986
63808868698671, 0.0006352346, 0.001510055, -0.0003840821, 0.9999986
63808868698682, 0.0006372128, 0.001517828, -0.0004170269, 0.9999985
63808868698691, 0.0006168187, 0.001509751, -0.000419404, 0.9999986
63808868698701, 0.0006048772, 0.001532776, -0.000389452, 0.9999986
63808868698711, 0.0006119991, 0.001556665, -0.0003669658, 0.9999986
63808868698721, 0.0006104764, 0.00158263, -0.000363455, 0.9999985
63808868698731, 0.0006276285, 0.001628111, -0.0003666128, 0.9999985
63808868698741, 0.0006496739, 0.001629404, -0.0004117325, 0.9999985
63808868698751, 0.0006248821, 0.001629218, -0.0003800519, 0.9999984
63808868698761, 0.0006528636, 0.00162886, -0.0004021563, 0.9999985
63808868698771, 0.0006548604, 0.001650682, -0.0003988718, 0.9999985
63808868698781, 0.0006466089, 0.001644845, -0.0003788479, 0.9999984
63808868698791, 0.0006340044, 0.001645772, -0.0003804521, 0.9999984
63808868698801, 0.0006336533, 0.001652731, -0.0004021853, 0.9999984
63808868698811, 0.0006415481, 0.001634803, -0.000408634, 0.9999984
63808868698821, 0.0006387262, 0.001608786, -0.0004423263, 0.9999985
63808868698831, 0.0006156703, 0.001570126, -0.0004177103, 0.9999986
63808868698841, 0.0006071692, 0.001580904, -0.000465077, 0.9999985
63808868698851, 0.0005896324, 0.001592385, -0.0004672939, 0.9999985
63808868698861, 0.0005628271, 0.001566985, -0.0004613545, 0.9999985
63808868698871, 0.0005914364, 0.001550339, -0.0005021056, 0.9999985
63808868698881, 0.0005826326, 0.001549988, -0.0005040183, 0.9999986
63808868698891, 0.0006286688, 0.001552901, -0.0005206299, 0.9999986
63808868698901, 0.0006109132, 0.001557514, -0.0005380779, 0.9999984
63808868698911, 0.0006342782, 0.001538813, -0.0005415292, 0.9999985
63808868698921, 0.0006698165, 0.001555556, -0.0005358059, 0.9999985
63808868698931, 0.0006399816, 0.001547212, -0.0005631961, 0.9999985
63808868698941, 0.0006101001, 0.001511791, -0.0005345878, 0.9999986
63808868698951, 0.0005506491, 0.001508563, -0.0005334142, 0.9999986
63808868698961, 0.0005354863, 0.001524865, -0.000548595, 0.9999985
63808868698971, 0.0005071405, 0.001507818, -0.0005645221, 0.9999986
63808868698981, 0.0005088411, 0.001491143, -0.0005544185, 0.9999987
63808868698991, 0.0005233949, 0.001480421, -0.0005550544, 0.9999987
63808868699001, 0.0005309014, 0.001476759, -0.0004864903, 0.9999987
63808868699011, 0.0005525881, 0.001444433, -0.0005006061, 0.9999988
63808868699022, 0.0005379561, 0.001469821, -0.000452315, 0.9999987
63808868699031, 0.0004347628, 0.00153014, -0.0003176363, 0.9999987
63808868699041, 0.0004581744, 0.001526298, -0.0003186677, 0.9999987
63808868699051, 0.0004177084, 0.001542806, -0.0003052596, 0.9999986
63808868699061, 0.0004452765, 0.001554597, -0.0002982524, 0.9999987
63808868699072, 0.0004426269, 0.001582315, -0.0002657118, 0.9999986
63808868699082, 0.0004522717, 0.001603973, -0.0002727278, 0.9999986
63808868699091, 0.0004421165, 0.001605079, -0.0002779115, 0.9999986
63808868699101, 0.0004302533, 0.001582494, -0.0002618503, 0.9999986
63808868699112, 0.0004410055, 0.001596638, -0.0002140285, 0.9999986
63808868699121, 0.0004842738, 0.001569291, -0.0002332007, 0.9999987
63808868699132, 0.0004846957, 0.001563717, -0.0002517645, 0.9999987
63808868699141, 0.0005233902, 0.001588714, -0.0002972189, 0.9999986
63808868699151, 0.0005015787, 0.001573429, -0.000280909, 0.9999986
63808868699161, 0.0004982222, 0.001592716, -0.0003057717, 0.9999986
63808868699171, 0.0004683817, 0.001601694, -0.0002717898, 0.9999986
63808868699181, 0.0004795184, 0.001588167, -0.00030778, 0.9999986
63808868699191, 0.0004926417, 0.001580283, -0.0003123829, 0.9999986
63808868699201, 0.0004841182, 0.001531101, -0.0003215637, 0.9999986
63808868699211, 0.0004887022, 0.001526328, -0.0003205291, 0.9999986
63808868699222, 0.0005083485, 0.001549156, -0.0003375044, 0.9999987
63808868699231, 0.0004949421, 0.001561589, -0.0003586775, 0.9999987
63808868699241, 0.0004896419, 0.001562009, -0.000318827, 0.9999986
63808868699251, 0.0005247621, 0.001549364, -0.0003594374, 0.9999986
63808868699261, 0.0005557323, 0.001535826, -0.0003586906, 0.9999987
63808868699271, 0.0005519101, 0.001528609, -0.0003480822, 0.9999987
63808868699281, 0.0005243355, 0.001543983, -0.0003839787, 0.9999987
63808868699291, 0.0005130144, 0.001543238, -0.0004023201, 0.9999987
63808868699301, 0.0005144104, 0.001524393, -0.0003590224, 0.9999987
63808868699311, 0.0005208785, 0.001503513, -0.0003881876, 0.9999987
63808868699321, 0.0005121343, 0.001507784, -0.000384272, 0.9999986
63808868699331, 0.0005099764, 0.001513317, -0.000408598, 0.9999987
63808868699341, 0.0005736705, 0.001500077, -0.0004213381, 0.9999986
63808868699351, 0.0005644644, 0.001486633, -0.0004123539, 0.9999987
63808868699362, 0.000552767, 0.001387767, -0.0004573605, 0.9999987
63808868699371, 0.0005296562, 0.001374146, -0.0004671147, 0.9999989
63808868699381, 0.0005467311, 0.001355896, -0.0004426851, 0.9999988
63808868699391, 0.0005694032, 0.001305683, -0.0004832528, 0.9999989
63808868699401, 0.0005425531, 0.001307465, -0.0004272485, 0.999999
63808868699411, 0.0005404865, 0.00131048, -0.0004267874, 0.9999989
63808868699421, 0.0005430505, 0.001305687, -0.0004335295, 0.999999
63808868699431, 0.0005221004, 0.001306424, -0.0003893363, 0.999999
