-0.02464416, -0.02085514, 0.2037058, -0.9784997
-0.02463323, -0.02085171, 0.2037101, -0.9784992
-0.02466012, -0.02085217, 0.2036982, -0.978501
-0.02468052, -0.02090254, 0.2036937, -0.9785003
-0.02471825, -0.02090649, 0.2036923, -0.9784996
-0.02471608, -0.02094097, 0.2037034, -0.9784966
-0.02475334, -0.02098958, 0.2036997, -0.9784954
-0.02474135, -0.020995, 0.2036875, -0.9784981
-0.02477055, -0.02094816, 0.2037215, -0.9784913
-0.02480886, -0.02097652, 0.20371, -0.9784921
-0.02477253, -0.02099345, 0.2037099, -0.9784927
-0.02482051, -0.0210378, 0.2037163, -0.9784892
-0.02478274, -0.02109785, 0.2036561, -0.9785014
-0.02478441, -0.02112076, 0.2036247, -0.9785073
-0.02479665, -0.0211255, 0.2036495, -0.9785017
-0.02476026, -0.02115015, 0.2036851, -0.9784948
-0.02477751, -0.02114765, 0.2036788, -0.9784958
0.1046043, -0.09225603, 0.01932704, -0.990037
0.1046532, -0.09219795, 0.01935587, -0.9900367
5.624235E+19, -6.70055E+13, -0.0241233, -2.215551E-20
0.1047764, -0.0921786, 0.01944317, -0.9900237
0.1048426, -0.09219592, 0.01942054, -0.9900155
0.1048301, -0.09228859, 0.01939146, -0.9900088
0.1047623, -0.09227552, 0.019426, -0.9900165
194393.2, -1.915871E-26, -1.566987E+37, 1.97996E-23
0.1045609, -0.09234888, 0.01930518, -0.9900333
0.1044806, -0.09243804, 0.01927335, -0.990034
0.1045292, -0.09238479, 0.01927331, -0.990034
6.183846E+20, -3.986346E+13, -0.02741873, -1.594711E-20
0.1045133, -0.09218611, 0.01939244, -0.9900519
0.1045045, -0.09220836, 0.0193722, -0.9900511
0.1045171, -0.09210703, 0.0193746, -0.9900591
0.1044954, -0.09208035, 0.01938709, -0.9900637
0.1044713, -0.09205552, 0.01938991, -0.9900684
0.1044249, -0.09206551, 0.01937952, -0.9900726
0.1043427, -0.09201644, 0.01937654, -0.990086
0.1042237, -0.09215498, 0.01929465, -0.9900872
0.1041789, -0.09219172, 0.01922909, -0.9900897
0.1042137, -0.09233065, 0.01925403, -0.9900727
0.104287, -0.09245555, 0.01933531, -0.9900516
0.1043783, -0.09248111, 0.01939129, -0.9900386
0.1044604, -0.09254035, 0.01937341, -0.9900247
0.1045111, -0.09248557, 0.01938017, -0.9900244
0.1044938, -0.09246066, 0.01941228, -0.9900279
0.1044511, -0.0924366, 0.01943438, -0.9900342
0.1044593, -0.09242595, 0.01939801, -0.9900351
0.1044343, -0.09244448, 0.01940354, -0.9900358
0.10438, -0.09238512, 0.01939952, -0.9900472
0.1043855, -0.09227099, 0.01940588, -0.9900572
0.1044908, -0.09224197, 0.01946146, -0.9900476
0.1045576, -0.09224752, 0.01946803, -0.99004
0.1045468, -0.09227911, 0.01948759, -0.9900379
0.1045856, -0.09224508, 0.01947964, -0.990037
0.1045699, -0.09226511, 0.01949226, -0.9900365
0.104552, -0.09244274, 0.01944056, -0.9900229
0.1045271, -0.09239192, 0.01943033, -0.9900304
0.1044079, -0.09234983, 0.01942056, -0.9900472
0.1043369, -0.09246691, 0.01937461, -0.9900445
0.104324, -0.09253373, 0.01938202, -0.9900395
0.1042703, -0.09251605, 0.01941471, -0.9900462
0.1042814, -0.09255494, 0.01941157, -0.9900415
0.1043266, -0.0925843, 0.01940862, -0.9900341
0.1043463, -0.09264294, 0.01938287, -0.990027
0.1043624, -0.09268679, 0.01939927, -0.9900209
0.1044329, -0.09283314, 0.01936633, -0.9900004
0.1045106, -0.09296907, 0.01934468, -0.9899799
0.1044714, -0.09292001, 0.01935569, -0.9899883
0.1044263, -0.09286773, 0.01936977, -0.9899978
0.1043928, -0.092899, 0.01942389, -0.9899973
0.1043859, -0.09287354, 0.01939398, -0.9900009
0.1043961, -0.09284377, 0.01937531, -0.9900031
0.1043897, -0.0928918, 0.01932203, -0.9900003
0.1043415, -0.09285089, 0.01925496, -0.9900105
0.104384, -0.09279656, 0.01926832, -0.9900109
0.1043894, -0.09264575, 0.01928777, -0.990024
0.1044366, -0.09252755, 0.01935537, -0.9900287
0.1044521, -0.09243414, 0.01940175, -0.990035
0.1043561, -0.09227273, 0.01947965, -0.9900587
0.1043007, -0.09230606, 0.01947003, -0.9900615
0.1041927, -0.09226904, 0.01946423, -0.9900765
0.1041391, -0.09235065, 0.01950113, -0.9900738
0.1041222, -0.09239852, 0.0194973, -0.9900712
0.1041282, -0.09239268, 0.01944804, -0.990072
0.1042175, -0.09241182, 0.01944601, -0.9900609
0.1042812, -0.09240875, 0.0193889, -0.9900556
0.1043181, -0.09239873, 0.01938795, -0.9900526
0.1043517, -0.09241609, 0.01940731, -0.9900472
0.1043921, -0.09238847, 0.01931322, -0.9900473
0.104313, -0.09236245, 0.0193645, -0.9900571
0.1043361, -0.09238157, 0.01939726, -0.9900522
0.1044395, -0.09245642, 0.01938102, -0.9900346
0.1045484, -0.09243172, 0.01938398, -0.9900254
0.1046006, -0.09237429, 0.01939558, -0.990025
0.1046476, -0.09234539, 0.01944241, -0.9900218
0.1046983, -0.09232216, 0.01941304, -0.9900192
0.1047341, -0.09233197, 0.01940067, -0.9900148
0.1047158, -0.09229379, 0.01947963, -0.9900188
0.104778, -0.09210127, 0.01959214, -0.9900278
0.1048286, -0.09199405, 0.01959916, -0.9900322
0.1047646, -0.09201159, 0.01962687, -0.9900368
0.1046418, -0.0920684, 0.01961921, -0.9900448
0.104325, -0.09214371, 0.01966455, -0.9900702
0.1042369, -0.09225035, 0.01965765, -0.9900697
0.1042269, -0.09217989, 0.01967586, -0.990077
0.1042514, -0.09211201, 0.01962492, -0.9900818
0.1043986, -0.09194694, 0.01964808, -0.9900811
0.1044203, -0.09189982, 0.01964862, -0.9900831
0.1043717, -0.091828, 0.01962095, -0.9900956
0.1043192, -0.09178898, 0.01961093, -0.9901049
0.1043313, -0.09178773, 0.01964939, -0.9901029
0.1043223, -0.09174761, 0.0197027, -0.9901065
0.1043009, -0.09179962, 0.01967444, -0.9901046
0.104192, -0.09174299, 0.01963115, -0.9901221
0.1041957, -0.09171484, 0.01964987, -0.990124
0.1042632, -0.09162378, 0.01968631, -0.9901246
0.1043953, -0.09166497, 0.01962794, -0.990108
0.1044869, -0.09174648, 0.01959935, -0.9900914
0.1044865, -0.09163854, 0.01962671, -0.9901009
0.1045206, -0.09160014, 0.01960414, -0.9901012
0.1045385, -0.09154757, 0.0196614, -0.9901032
0.1045814, -0.09148314, 0.01966746, -0.9901044
0.1045326, -0.0913786, 0.01967339, -0.990119
0.1045644, -0.09124467, 0.01969129, -0.9901277
0.1046251, -0.09113646, 0.0196944, -0.9901312
0.1046773, -0.09112895, 0.01967842, -0.9901267
0.1047275, -0.09119083, 0.01961566, -0.990117
0.1047165, -0.091282, 0.01957393, -0.9901106
0.1047181, -0.091346, 0.01953207, -0.9901053
0.1047258, -0.09135043, 0.01953642, -0.990104
0.1047294, -0.09136683, 0.01959204, -0.990101
0.1047531, -0.0913642, 0.01959288, -0.9900988
0.1047725, -0.09146575, 0.0195753, -0.9900876
0.1047376, -0.09154449, 0.01958733, -0.9900838
0.1047052, -0.09156463, 0.01958778, -0.9900853
0.1046964, -0.09166718, 0.01964158, -0.9900757
0.1047687, -0.09173176, 0.01969502, -0.990061
0.1048608, -0.09182841, 0.01976964, -0.9900408
0.1048362, -0.09178457, 0.0197506, -0.9900479
0.1047503, -0.0917432, 0.01973242, -0.9900612
0.1046948, -0.0917124, 0.01969461, -0.9900706
0.1046746, -0.09170835, 0.01962753, -0.9900745
0.1045959, -0.09172256, 0.01962723, -0.9900815
0.1045957, -0.09184756, 0.01971005, -0.9900683
0.1046945, -0.09190462, 0.01973567, -0.990052
0.1047678, -0.09198724, 0.01969719, -0.9900374
0.1048278, -0.09199636, 0.01967793, -0.9900306
0.1048127, -0.09195507, 0.01969269, -0.9900358
0.1047846, -0.09196065, 0.01968326, -0.9900383
0.1047595, -0.09178613, 0.01969222, -0.990057
0.104631, -0.09150145, 0.01979275, -0.990095
0.1045461, -0.09136327, 0.01976922, -0.9901171
0.1045366, -0.09134383, 0.01976293, -0.9901201
0.1045318, -0.09134223, 0.01979016, -0.9901202
0.1046131, -0.09137496, 0.01983545, -0.9901077
0.1046911, -0.09143326, 0.0197954, -0.9900948
0.1047077, -0.09153037, 0.01967695, -0.9900866
0.1046298, -0.09147662, 0.01964639, -0.9901003
0.1046019, -0.09145755, 0.01962431, -0.9901055
0.1044787, -0.09139533, 0.01960589, -0.9901245
0.1044337, -0.09135033, 0.01959813, -0.9901337
0.1043971, -0.0913506, 0.01956844, -0.9901381
0.1043954, -0.09133598, 0.01948202, -0.9901413
0.1043817, -0.09129021, 0.01949569, -0.9901468
0.1043911, -0.09131432, 0.01950761, -0.9901432
0.1044543, -0.0913072, 0.01948244, -0.9901378
0.1045612, -0.09139966, 0.01950199, -0.9901175
0.1046097, -0.09151048, 0.01953543, -0.9901015
0.104671, -0.09147524, 0.01951282, -0.9900987
0.1047729, -0.09143413, 0.01951533, -0.9900917
0.104785, -0.09140959, 0.01950239, -0.990093
0.1048126, -0.0913998, 0.01950318, -0.990091
0.1048598, -0.09133714, 0.01949195, -0.9900919
0.1048071, -0.09127615, 0.01948347, -0.9901033
0.1048875, -0.09104808, 0.01946914, -0.9901161
0.1050067, -0.09095461, 0.0194476, -0.9901124
0.1050361, -0.0908251, 0.01946975, -0.9901208
0.1049491, -0.09067389, 0.01949643, -0.9901432
0.1049422, -0.09061959, 0.01942333, -0.9901504
0.1049017, -0.09069204, 0.01937778, -0.990149
0.1049224, -0.090692, 0.01937734, -0.9901468
0.1049222, -0.09063911, 0.01940012, -0.9901512
0.1048956, -0.09063891, 0.01938213, -0.9901545
0.1048722, -0.09067114, 0.01938157, -0.990154
0.1048614, -0.09070506, 0.01937974, -0.9901521
0.1048752, -0.09073347, 0.0193276, -0.990149
0.1049091, -0.09089088, 0.01926619, -0.9901322
0.1048778, -0.09102248, 0.01924137, -0.9901239
0.1048749, -0.09108557, 0.01922319, -0.9901187
0.1048692, -0.09106649, 0.01921404, -0.9901213
0.1048907, -0.09109771, 0.01919194, -0.9901165
0.1047998, -0.09110675, 0.01919469, -0.9901253
0.1047824, -0.09114098, 0.0191969, -0.9901239
0.1047282, -0.0911137, 0.01918603, -0.9901324
0.1047344, -0.09108477, 0.01917053, -0.9901347
0.1046791, -0.09108672, 0.0191508, -0.9901407
0.1046358, -0.09114412, 0.01911552, -0.9901407
0.1044942, -0.09124178, 0.01909475, -0.9901471
0.1044306, -0.09129126, 0.01910959, -0.9901489
0.1044707, -0.09130441, 0.01905331, -0.9901446
0.1044249, -0.09130861, 0.01908731, -0.9901485
0.1044373, -0.09130976, 0.01913968, -0.990146
0.1044201, -0.09127022, 0.01914003, -0.9901513
0.1044591, -0.09109927, 0.01914551, -0.9901629
0.1044475, -0.09095601, 0.01918844, -0.9901765
0.1043482, -0.09078064, 0.0191625, -0.9902036
0.104338, -0.09063993, 0.01914489, -0.9902179
0.1043524, -0.09058671, 0.01916775, -0.9902208
0.1044348, -0.09048238, 0.0191553, -0.9902219
0.1045092, -0.09040981, 0.01916822, -0.9902204
0.1045966, -0.09045385, 0.01916251, -0.9902072
0.1047016, -0.09060217, 0.01913169, -0.9901832
0.1047808, -0.09080455, 0.01908274, -0.9901573
0.104846, -0.09103706, 0.01906066, -0.9901294
0.1048784, -0.09108369, 0.01911717, -0.9901206
0.1048812, -0.09117523, 0.0191805, -0.9901107
0.104953, -0.0911827, 0.01919246, -0.9901021
0.1050176, -0.0910757, 0.01931241, -0.9901028
0.1050467, -0.09100316, 0.01937325, -0.9901053
0.1051482, -0.09101192, 0.01946067, -0.990092
0.1051872, -0.09097774, 0.01943864, -0.9900913
0.1050686, -0.09093823, 0.01945912, -0.9901071
0.1050071, -0.09087947, 0.01947088, -0.9901189
0.1049304, -0.09077819, 0.01946207, -0.9901365
0.1049049, -0.09073853, 0.0194004, -0.9901441
0.1048632, -0.09092081, 0.01935862, -0.9901325
0.104803, -0.0910845, 0.01928373, -0.9901254
0.1046741, -0.09110842, 0.01919917, -0.9901384
0.1046789, -0.09112418, 0.01899074, -0.9901404
0.1047454, -0.09119455, 0.01900282, -0.9901267
0.104706, -0.09114084, 0.01902321, -0.9901354
0.1046517, -0.09103441, 0.01899032, -0.9901516
0.1046574, -0.09103117, 0.01906916, -0.9901497
0.1047251, -0.09094264, 0.01916789, -0.9901488
0.1047852, -0.09093507, 0.01924572, -0.9901416
0.1047723, -0.09093396, 0.01929935, -0.990142
0.104829, -0.09097047, 0.01929842, -0.9901327
0.1047578, -0.09072751, 0.01892235, -0.9901698
0.1048157, -0.0906385, 0.01899158, -0.9901705
0.1048635, -0.09070278, 0.01893493, -0.9901606
0.1048078, -0.09076413, 0.01887454, -0.9901621
0.1048382, -0.09079965, 0.01886852, -0.9901557
0.1048765, -0.09085236, 0.01885816, -0.990147
0.1049148, -0.09084821, 0.01891265, -0.9901423
0.1044137, -0.09083029, 0.01813687, -0.9902114
0.1038367, -0.09264356, 0.01758544, -0.990114
0.103715, -0.09524164, 0.0172684, -0.9898859
0.1038031, -0.09809177, 0.01750421, -0.989594
0.1040215, -0.09957647, 0.01786038, -0.9894166
0.1041859, -0.1006446, 0.01817017, -0.9892855
0.1041383, -0.1018167, 0.01800698, -0.9891736
0.104053, -0.1035528, 0.01792982, -0.9890037
0.1042176, -0.1049852, 0.01812831, -0.9888318
0.1044376, -0.1057138, 0.01829218, -0.9887278
0.104719, -0.1062043, 0.01844209, -0.9886428
0.1048818, -0.1066842, 0.01852288, -0.9885722
0.1051025, -0.107395, 0.01866561, -0.9884692
0.1052565, -0.1078135, 0.01877867, -0.9884052
0.1054205, -0.1081156, 0.01878717, -0.9883544
0.1055432, -0.108599, 0.01880435, -0.9882881
0.1051144, -0.1092818, 0.01821371, -0.9882696
0.1051196, -0.1103748, 0.01831986, -0.9881456
0.1052145, -0.1100496, 0.01830858, -0.9881718
0.1051438, -0.108632, 0.0171462, -0.9883571
0.1048888, -0.1076737, 0.01579827, -0.9885116
0.1043693, -0.1071039, 0.01509663, -0.9886395
0.1039127, -0.1070675, 0.01458767, -0.9886991
0.1039006, -0.1074248, 0.01456816, -0.9886618
0.1041492, -0.1078184, 0.01507436, -0.9885853
0.1045055, -0.1081517, 0.01623732, -0.988493
0.1045266, -0.1081726, 0.01691489, -0.988477
0.104637, -0.1081865, 0.01778667, -0.9884486
0.1046521, -0.1080236, 0.0182505, -0.9884562
0.1043876, -0.1079286, 0.01892585, -0.9884819
0.1041406, -0.1078265, 0.02012295, -0.9884955
0.1040993, -0.1072085, 0.02094112, -0.9885499
0.1040348, -0.1059616, 0.0217812, -0.9886731
0.1040286, -0.1051153, 0.02164141, -0.9887671
0.1040349, -0.1043474, 0.02068982, -0.9888682
0.1039228, -0.1040022, 0.01960015, -0.9889386
0.1037445, -0.1041343, 0.01878748, -0.9889593
0.1035558, -0.1048609, 0.01836122, -0.9889101
0.1023201, -0.1064794, 0.01708007, -0.9888888
0.1013362, -0.1079993, 0.01635267, -0.9888375
0.1000275, -0.1095293, 0.01554251, -0.9888157
0.0998568, -0.1109529, 0.01754458, -0.9886405
0.09985278, -0.1121097, 0.01887871, -0.9884859
0.1002016, -0.1127813, 0.01989641, -0.9883543
0.1001393, -0.1134473, 0.02047169, -0.9882726
0.1001138, -0.114555, 0.02065598, -0.9881435
0.09948462, -0.1154834, 0.02086268, -0.9880947
0.09872713, -0.1161947, 0.02113604, -0.9880815
0.09608325, -0.117255, 0.02177178, -0.988203
0.09410235, -0.1180374, 0.02202326, -0.988295
0.09174487, -0.1191471, 0.02237114, -0.9883756
0.08765318, -0.1208992, 0.02132516, -0.9885573
0.08492214, -0.1222583, 0.02078272, -0.9886401
0.0821646, -0.1237534, 0.02076393, -0.9886875
0.07952353, -0.1246826, 0.02116581, -0.9887782
0.0769791, -0.1252145, 0.02229486, -0.9888875
0.07397078, -0.12567, 0.02247031, -0.9890553
0.07096856, -0.1267716, 0.02300663, -0.9891224
0.06700154, -0.1294287, 0.02489032, -0.9890094
0.06448932, -0.1307992, 0.02594474, -0.988969
0.06185087, -0.1318142, 0.02710024, -0.9889718
0.05894958, -0.133141, 0.02790724, -0.9889488
0.05595141, -0.1345404, 0.0293521, -0.9888917
0.05020858, -0.1365212, 0.03144826, -0.988864
0.04566759, -0.1377022, 0.03341792, -0.9888558
0.04236409, -0.1380566, 0.03450603, -0.9889161
0.03787513, -0.1386364, 0.03542017, -0.9889847
0.0336942, -0.1393128, 0.03681112, -0.9889902
0.02938387, -0.1401323, 0.03883613, -0.9889343
0.02545266, -0.1400914, 0.04006792, -0.9890001
0.0217626, -0.1405735, 0.04208931, -0.9889358
0.01584649, -0.1410891, 0.04591608, -0.9888046
0.0115614, -0.1408859, 0.04828408, -0.9887801
0.006484272, -0.1408938, 0.04955072, -0.9887627
5.538478E-05, -0.1407584, 0.05066916, -0.9887465
-0.007441917, -0.1407219, 0.05208321, -0.9886502
-0.01532416, -0.1399381, 0.05233502, -0.9886575
-0.02501873, -0.13868, 0.05356855, -0.9885709
-0.03191391, -0.1378332, 0.05466757, -0.9884306
-0.0384437, -0.1373954, 0.05585272, -0.9881928
-0.04463034, -0.1375824, 0.05667367, -0.98786
-0.05039189, -0.1383206, 0.05793978, -0.9874061
-0.05600788, -0.1392201, 0.05923719, -0.9869
-0.06504382, -0.1410413, 0.0620786, -0.9859123
-0.07183083, -0.142329, 0.06428697, -0.9851142
-0.07968627, -0.1429663, 0.06633399, -0.9842818
-0.0880365, -0.1433399, 0.06803738, -0.9833993
-0.0965183, -0.1438301, 0.06971285, -0.9824139
-0.1046334, -0.1446468, 0.07141374, -0.9813405
-0.1136714, -0.1456578, 0.07312699, -0.9800587
-0.1279068, -0.1469855, 0.07480545, -0.9779772
-0.1369313, -0.1478574, 0.07635376, -0.976503
-0.1459116, -0.1485343, 0.07795277, -0.9749722
-0.1561868, -0.1487713, 0.07900546, -0.973258
-0.1663153, -0.1488817, 0.07961203, -0.971512
-0.1778725, -0.1490815, 0.07929849, -0.9694576
-0.193485, -0.1483403, 0.07951723, -0.9665588
-0.2070461, -0.1472701, 0.07784823, -0.9640452
-0.2203352, -0.1471281, 0.07622856, -0.9612466
-0.2314544, -0.1472111, 0.07602746, -0.9586331
-0.2445377, -0.1481812, 0.07482736, -0.9553243
-0.2588051, -0.1493211, 0.0728605, -0.9515328
-0.2708032, -0.151248, 0.07261657, -0.9479011
-0.287528, -0.1541852, 0.0761773, -0.9422057
-0.2977017, -0.1565017, 0.07906604, -0.9384186
-0.308149, -0.1579586, 0.0826065, -0.9344889
-0.3180129, -0.1590958, 0.08615499, -0.930663
-0.3277296, -0.1599571, 0.08940161, -0.9268304
-0.3365487, -0.1606025, 0.09189216, -0.923308
-0.351235, -0.1614322, 0.09558941, -0.9172983
-0.3610354, -0.1618494, 0.09787507, -0.9131695
-0.3717884, -0.162316, 0.09991929, -0.908539
-0.3810126, -0.1624736, 0.1021555, -0.9044312
-0.3909974, -0.1623075, 0.1036021, -0.9000244
-0.400678, -0.1619035, 0.1050892, -0.8956566
-0.4100221, -0.1611088, 0.1063139, -0.8914165
-0.4233832, -0.1601028, 0.1084732, -0.8850692
-0.4325911, -0.1597627, 0.1101179, -0.8804629
-0.4426213, -0.159095, 0.1115232, -0.8754072
-0.4529099, -0.1580431, 0.1127186, -0.8701664
-0.4628717, -0.1569303, 0.1138977, -0.8649567
-0.4725564, -0.1556947, 0.1151528, -0.8597614
-0.4860087, -0.1538429, 0.1167966, -0.8523417
-0.4946743, -0.1523677, 0.1178673, -0.8474602
-0.5037388, -0.1510951, 0.1190579, -0.8421654
-0.5122644, -0.1499055, 0.1203802, -0.8370318
-0.5209156, -0.1488331, 0.121596, -0.8316911
-0.5300967, -0.1476492, 0.1226313, -0.825929
-0.5429929, -0.1457864, 0.1241384, -0.8176153
-0.5517451, -0.1443273, 0.124949, -0.8118711
-0.5604256, -0.1427313, 0.1256856, -0.8060731
-0.5686096, -0.1414363, 0.1265986, -0.8004073
-0.5765395, -0.1404115, 0.1274941, -0.7947529
-0.5850301, -0.1391415, 0.1281109, -0.7886489
-0.5962592, -0.1373214, 0.1291736, -0.780341
-0.6037062, -0.1358936, 0.1297118, -0.7747558
-0.609943, -0.1347521, 0.1305406, -0.769916
-0.6164761, -0.1334952, 0.1310027, -0.7648363
-0.622521, -0.1325548, 0.1316982, -0.7599688
-0.6291286, -0.1313431, 0.1317754, -0.7547062
-0.6378404, -0.1296124, 0.1321945, -0.7475861
-0.6431947, -0.1283303, 0.1322828, -0.7431912
-0.648068, -0.1265967, 0.1318553, -0.7393209
-0.6530408, -0.125657, 0.1320131, -0.735065
-0.657804, -0.1244434, 0.1318488, -0.7310428
-0.6620421, -0.1227372, 0.1310048, -0.7276494
-0.6657524, -0.120699, 0.1297405, -0.7248261
-0.6695501, -0.1169316, 0.125935, -0.7226134
-0.6749816, -0.1149559, 0.123983, -0.7182013
-0.6779481, -0.1133971, 0.1230583, -0.7158102
-0.6831163, -0.1119316, 0.1217039, -0.711345
-0.6872019, -0.1100381, 0.1197102, -0.7080356
-0.6906762, -0.1081231, 0.1174724, -0.7053199
-0.696349, -0.1064561, 0.1158189, -0.7002508
-0.6989833, -0.1055554, 0.1152228, -0.6978567
-0.7015333, -0.1044759, 0.1144173, -0.6955894
-0.7033291, -0.1034168, 0.113567, -0.6940719
-0.7047736, -0.1020101, 0.1121947, -0.6930373
-0.7062243, -0.1000566, 0.1099902, -0.6921981
-0.7072427, -0.09825462, 0.1076667, -0.6917816
-0.7093716, -0.09563139, 0.1039352, -0.6905391
-0.7101735, -0.0938933, 0.1020231, -0.6902383
-0.7104782, -0.09374589, 0.101406, -0.6900357
-0.7118363, -0.09376039, 0.1007115, -0.6887346
-0.7137365, -0.09368298, 0.09990478, -0.6868934
-0.715374, -0.09354042, 0.09913394, -0.6853193
-0.7170618, -0.09346306, 0.09828671, -0.6836863
-0.7185358, -0.09342569, 0.09752116, -0.6822518
-0.719695, -0.09336952, 0.09679139, -0.6811408
-0.7201877, -0.09327382, 0.09641992, -0.6806856
-0.7202244, -0.09320704, 0.09619011, -0.6806884
-0.7205468, -0.09305302, 0.09586354, -0.6804144
-0.7213341, -0.09286066, 0.09536086, -0.6796767
-0.7218979, -0.09265321, 0.09500673, -0.6791558
-0.7225442, -0.09244248, 0.0946295, -0.6785495
-0.7229036, -0.0923293, 0.09429599, -0.6782286
-0.7235206, -0.09216235, 0.09377553, -0.6776653
-0.7237075, -0.0920584, 0.09346417, -0.6775229
-0.7238616, -0.0918739, 0.09298981, -0.6774486
-0.7236248, -0.09178202, 0.09277624, -0.6777432
-0.7234089, -0.09168777, 0.09260133, -0.6780103
-0.7230702, -0.09188559, 0.09274133, -0.6783256
-0.7231255, -0.09200065, 0.09286715, -0.6782337
-0.7232698, -0.09194463, 0.09281065, -0.6780952
-0.7233585, -0.09174132, 0.09252184, -0.6780677
-0.7232882, -0.09148259, 0.09210566, -0.6782342
-0.7231924, -0.09125722, 0.09185731, -0.6784003
-0.723151, -0.09097025, 0.09160358, -0.6785175
-0.7225873, -0.09084767, 0.09136165, -0.6791666
-0.7220529, -0.09074777, 0.09108828, -0.6797847
-0.721573, -0.09069023, 0.09083359, -0.680336
-0.7214264, -0.09041132, 0.09043864, -0.6805811
-0.7212544, -0.09026054, 0.09017211, -0.6808188
-0.7208967, -0.09020687, 0.08991966, -0.6812379
-0.7202712, -0.09027134, 0.08968821, -0.6819213
-0.7200412, -0.0902656, 0.08943553, -0.682198
-0.7202272, -0.09011064, 0.08914512, -0.68206
-0.7205408, -0.0898057, 0.08883476, -0.6818095
-0.7208155, -0.08948043, 0.0886281, -0.6815889
-0.7210414, -0.08913783, 0.08850525, -0.6814107
-0.7211444, -0.08886526, 0.08840223, -0.6813506
-0.7211428, -0.08863497, 0.08830023, -0.6813955
-0.7209853, -0.08853094, 0.08821454, -0.681587
-0.7206976, -0.08828808, 0.08809212, -0.6819385
-0.7205129, -0.0879561, 0.08798054, -0.6821908
-0.7204365, -0.08720905, 0.08754519, -0.6824235
-0.7203016, -0.08651827, 0.08688949, -0.6827376
-0.7198774, -0.08644147, 0.08662149, -0.6832284
-0.7196155, -0.08622456, 0.08630472, -0.6835719
-0.7189718, -0.08617646, 0.08608069, -0.6842831
-0.718427, -0.08606832, 0.08585618, -0.6848969
-0.7179759, -0.08588957, 0.08567005, -0.6854154
-0.7174286, -0.08576532, 0.08544502, -0.6860319
-0.7168666, -0.08561935, 0.08518258, -0.6866699
-0.7160257, -0.08571108, 0.08494421, -0.6875648
-0.7150687, -0.08588895, 0.08472989, -0.6885644
-0.713457, -0.08620998, 0.08430008, -0.6902468
-0.7125592, -0.08627152, 0.08415313, -0.6911836
-0.7116057, -0.08623015, 0.08409864, -0.6921772
-0.7104094, -0.08620766, 0.08396995, -0.6934232
-0.7089971, -0.08634673, 0.08372299, -0.6948798
-0.707347, -0.08642784, 0.08350784, -0.6965752
-0.7041402, -0.08672222, 0.08310024, -0.6998287
-0.7020937, -0.08686634, 0.08282814, -0.7018962
-0.7005511, -0.08660532, 0.08234539, -0.7035246
-0.698916, -0.08568393, 0.08111225, -0.7054045
-0.6968563, -0.085577, 0.08040687, -0.7075327
-0.694788, -0.0855781, 0.07990453, -0.7096205
-0.6923988, -0.08561875, 0.0792715, -0.712018
-0.6892127, -0.08586042, 0.07872304, -0.715134
-0.6871932, -0.08534796, 0.07841629, -0.7171695
-0.6843491, -0.08457495, 0.07769929, -0.7200531
-0.6789953, -0.08505818, 0.07562554, -0.7252663
-0.6735096, -0.08532148, 0.07362908, -0.7305368
-0.6683642, -0.08568019, 0.0720595, -0.7353609
-0.6598794, -0.08732042, 0.06859752, -0.7431209
-0.6532487, -0.08858787, 0.06608909, -0.7490331
-0.6469511, -0.08966854, 0.06414147, -0.7545195
-0.6399611, -0.09117512, 0.06142433, -0.7605023
-0.6327802, -0.09276532, 0.0583964, -0.7665336
-0.6260296, -0.09389835, 0.05595274, -0.7721006
-0.6193739, -0.09458738, 0.05415254, -0.7774939
-0.610139, -0.09522287, 0.05024678, -0.7849448
-0.6044045, -0.09557483, 0.04703403, -0.7895241
-0.598591, -0.09601043, 0.04487273, -0.7940134
-0.5938277, -0.09644746, 0.04239546, -0.7976647
-0.5892392, -0.09695701, 0.04043262, -0.8011004
-0.5846596, -0.09743077, 0.03870751, -0.8044763
-0.5793155, -0.09780435, 0.03732573, -0.808353
-0.5720303, -0.09812352, 0.03544715, -0.8135703
-0.5655244, -0.09804782, 0.03431633, -0.8181633
-0.5589751, -0.09761938, 0.03343735, -0.8227389
-0.5519635, -0.09733738, 0.03250754, -0.8275294
-0.5449706, -0.09735426, 0.03197559, -0.8321699
-0.5344574, -0.09753123, 0.03171192, -0.8389502
-0.5269768, -0.09756324, 0.03197857, -0.8436553
-0.5193339, -0.0976136, 0.0320747, -0.8483721
-0.5115298, -0.09766389, 0.03213951, -0.8530922
-0.5035313, -0.09764522, 0.03239677, -0.85783
-0.4950771, -0.09759034, 0.0329622, -0.8627214
-0.487173, -0.09777564, 0.03308595, -0.8671838
-0.4760688, -0.09827024, 0.03408904, -0.873235
-0.468975, -0.09874141, 0.0343021, -0.8770039
-0.4619767, -0.09924141, 0.03464263, -0.880641
-0.4549388, -0.09959261, 0.03481069, -0.8842512
-0.4483122, -0.1000151, 0.03529441, -0.8875626
-0.4408099, -0.1003493, 0.03613563, -0.8912413
-0.429116, -0.1007549, 0.03684707, -0.8968558
-0.4213262, -0.1006697, 0.03740075, -0.9005282
-0.4136027, -0.1003805, 0.03767467, -0.9041223
-0.4063319, -0.1000821, 0.03721581, -0.9074652
-0.3989604, -0.1000819, 0.03755138, -0.9107163
-0.3920065, -0.1002728, 0.03753268, -0.9137108
-0.3817199, -0.1007972, 0.03790052, -0.9179834
-0.3747493, -0.1012036, 0.03801063, -0.9208018
-0.3681825, -0.1015722, 0.03842039, -0.9233898
-0.3607367, -0.1020661, 0.03849021, -0.9262668
-0.3543693, -0.1025696, 0.03838161, -0.9286705
-0.3477022, -0.1030909, 0.03788286, -0.9311501
-0.3370555, -0.104408, 0.0380929, -0.9349019
-0.3300718, -0.1055745, 0.03815607, -0.9372571
-0.322622, -0.1070436, 0.03845669, -0.939669
-0.3145457, -0.1084981, 0.03865082, -0.9422289
-0.3058701, -0.1095451, 0.03899887, -0.9449458
-0.2974081, -0.1104894, 0.03895263, -0.9475353
-0.2854235, -0.1108562, 0.03876952, -0.9511788
-0.2770051, -0.1107067, 0.03855968, -0.9536904
-0.2690172, -0.11105, 0.03813158, -0.9559516
-0.2613106, -0.1111863, 0.03770687, -0.958088
-0.253716, -0.111126, 0.03726939, -0.9601511
-0.2463875, -0.1109378, 0.03690851, -0.9620934
-0.2395279, -0.1107778, 0.03675892, -0.9638482
-0.2302001, -0.1103031, 0.03642807, -0.9661854
-0.2239691, -0.1098619, 0.03602464, -0.9677141
-0.2172708, -0.1092918, 0.03521367, -0.9693342
-0.2107199, -0.1091995, 0.03481976, -0.9708039
-0.2046808, -0.1092734, 0.03445101, -0.9720998
-0.1949412, -0.109576, 0.03348012, -0.9740996
-0.188733, -0.1097643, 0.03278135, -0.975324
-0.1827477, -0.1105981, 0.0330607, -0.9763598
-0.1760797, -0.1110424, 0.03272687, -0.9775452
-0.1691151, -0.1115211, 0.03252667, -0.9787263
-0.1583378, -0.1119841, 0.03182596, -0.9804977
-0.151295, -0.1124092, 0.03165738, -0.9815661
-0.1436075, -0.1128592, 0.03152483, -0.9826728
-0.1369541, -0.1131786, 0.03132759, -0.9835917
-0.1295391, -0.1132349, 0.03081251, -0.9846056
-0.1219872, -0.1134124, 0.0305407, -0.9855577
-0.1143453, -0.113094, 0.03004982, -0.9865252
-0.1029568, -0.1128458, 0.0298584, -0.9878128
-0.09461197, -0.1126794, 0.02939455, -0.9886799
-0.08589276, -0.1125595, 0.0288398, -0.9895055
-0.07831967, -0.1125914, 0.02825554, -0.9901469
-0.0735424, -0.1127977, 0.02786794, -0.9905007
-0.06924444, -0.1133594, 0.0275811, -0.9907544
-0.06340701, -0.1141398, 0.02755369, -0.9910563
-0.0572983, -0.1149624, 0.02758268, -0.9913322
-0.04846694, -0.1160565, 0.02769533, -0.9916727
-0.04195212, -0.1169296, 0.02785869, -0.9918625
-0.03724967, -0.1178457, 0.02803495, -0.9919369
-0.03342277, -0.1188744, 0.02840663, -0.9919399
-0.0275146, -0.1202074, 0.02906744, -0.9919415
-0.02089946, -0.1214495, 0.02973121, -0.9919322
-0.01291601, -0.1218827, 0.03082932, -0.9919815
-0.007592249, -0.1220763, 0.03208612, -0.991973
0.0007774022, -0.1215844, 0.03140115, -0.992084
0.00339548, -0.1215826, 0.03160734, -0.9920722
0.006201926, -0.1216793, 0.03204074, -0.9920328
0.01277745, -0.1217852, 0.03142555, -0.9919766
0.01764346, -0.1218371, 0.03111305, -0.9919055
0.02325261, -0.1217572, 0.02982095, -0.9918393
0.02569201, -0.1216669, 0.02882563, -0.9918196
0.02989722, -0.1215469, 0.02727768, -0.9917603
0.03298892, -0.121435, 0.02622971, -0.9917043
0.03482605, -0.1213827, 0.0256574, -0.9916627
0.03692887, -0.121274, 0.02504813, -0.9916155
0.0383797, -0.1212026, 0.02467569, -0.9915786
0.03994849, -0.1210954, 0.02427543, -0.9915396
0.04164195, -0.1209979, 0.02402672, -0.9914879
0.04245896, -0.1209796, 0.02413353, -0.9914528
0.04377767, -0.1209178, 0.02417117, -0.9914021
0.04486141, -0.1208823, 0.02428482, -0.9913552
0.04710198, -0.1207519, 0.02416172, -0.9912702
0.04888514, -0.1206353, 0.02421958, -0.9911966
0.0508712, -0.1206249, 0.02438123, -0.991094
0.05177483, -0.1206837, 0.02436186, -0.9910406
0.05468361, -0.1213691, 0.02569719, -0.9907668
0.05375123, -0.1216142, 0.01687064, -0.9909774
0.05311662, -0.1213156, 0.01092303, -0.9911317
0.05647315, -0.1212826, 0.01274531, -0.9909284
0.05885993, -0.1212029, 0.0126696, -0.9908001
0.05935975, -0.12122, 0.01266904, -0.9907682
0.06479535, -0.1209864, 0.01229663, -0.9904609
0.06742254, -0.1209094, 0.01218106, -0.9902963
0.06997605, -0.1208481, 0.01216046, -0.9901269
0.07240789, -0.1208655, 0.01221765, -0.9899492
0.0737953, -0.120913, 0.01229286, -0.9898399
0.07812302, -0.1210636, 0.01260736, -0.9894854
0.08015008, -0.1212782, 0.01286791, -0.9892938
0.08191337, -0.1214195, 0.01313653, -0.9891284
0.08346448, -0.1215802, 0.01340416, -0.9889754
0.08504869, -0.121756, 0.01373114, -0.9888142
0.08650126, -0.1219794, 0.01407024, -0.988656
0.08808008, -0.122243, 0.01446156, -0.9884783
0.0893006, -0.1225428, 0.01477638, -0.988327
0.09033776, -0.1227991, 0.01508268, -0.9881963
0.09125198, -0.1230439, 0.0153663, -0.9880775
0.09201998, -0.1231898, 0.01567686, -0.9879832
0.09284671, -0.1233217, 0.01596039, -0.9878849
0.09324881, -0.1233706, 0.01598352, -0.9878404
0.09399849, -0.1235298, 0.01624373, -0.9877453
0.09470516, -0.123704, 0.01650487, -0.9876516
0.09537743, -0.1239456, 0.01672356, -0.9875531
0.09605075, -0.1241405, 0.01695337, -0.9874594
0.09685109, -0.1244398, 0.01730318, -0.9873375
0.09755568, -0.124781, 0.01758325, -0.98722
0.09793127, -0.1250182, 0.01774725, -0.98715
0.09824194, -0.1252306, 0.01788782, -0.9870896
0.0989171, -0.1255809, 0.01820824, -0.9869718
0.09922788, -0.1257579, 0.01836988, -0.9869151
0.09962033, -0.1260447, 0.01857889, -0.9868349
0.09992701, -0.1262824, 0.01873465, -0.9867707
0.100217, -0.1265198, 0.0189052, -0.9867076
0.1004551, -0.1267113, 0.01903692, -0.9866563
0.1006186, -0.1268738, 0.01902752, -0.9866189
0.1007211, -0.1269682, 0.01907163, -0.9865955
0.1008688, -0.127046, 0.01916114, -0.9865686
0.1012523, -0.1271458, 0.01941899, -0.9865115
0.1014241, -0.127208, 0.01947416, -0.9864847
0.1016183, -0.1272927, 0.01965861, -0.9864501
0.1017149, -0.1274135, 0.01975133, -0.9864227
0.1017483, -0.1274852, 0.01984907, -0.986408
0.1017982, -0.1274868, 0.01995186, -0.9864006
0.1019752, -0.1275738, 0.01982766, -0.9863737
0.1022052, -0.1276727, 0.01917642, -0.9863498
0.1025286, -0.1276931, 0.01893005, -0.9863185
0.1027011, -0.1277061, 0.01890648, -0.9862992
0.1028372, -0.1277371, 0.01879524, -0.9862831
0.1029462, -0.1277919, 0.0186085, -0.9862682
0.1028796, -0.1278511, 0.01778065, -0.9862828
0.1027152, -0.1280759, 0.01589351, -0.986303
0.1022532, -0.1284737, 0.01218368, -0.986352
0.1019061, -0.1288156, 0.008930227, -0.9863782
0.1016874, -0.1291491, 0.006119271, -0.9863786
0.1014703, -0.1294614, 0.002414652, -0.986376
0.1012675, -0.1296206, -0.0002010465, -0.9863788
0.09824345, -0.1317704, -0.02406301, -0.9861063
0.09700679, -0.1309241, -0.03501376, -0.9860135
0.09637091, -0.1296132, -0.04192048, -0.9859796
0.09581961, -0.1282801, -0.0492052, -0.9858711
0.09466212, -0.127354, -0.05689429, -0.9856891
0.09328495, -0.1261096, -0.06648069, -0.9853804
0.09332, -0.1248783, -0.07128463, -0.985198
0.09263179, -0.1226941, -0.07797912, -0.9850304
0.09143864, -0.1207878, -0.08479663, -0.9848141
0.09041587, -0.1163186, -0.0965502, -0.9843643
0.08896858, -0.113994, -0.1044666, -0.9839597
0.08808675, -0.1120385, -0.1130765, -0.9833117
0.0874825, -0.111148, -0.1187874, -0.9827932
0.08701303, -0.1103901, -0.125057, -0.9821423
0.08651567, -0.1097188, -0.1319029, -0.9813656
0.08606932, -0.1088546, -0.1386497, -0.9805707
0.08538296, -0.1079132, -0.1468933, -0.979534
0.0847744, -0.1070974, -0.154294, -0.9785381
0.08354793, -0.1058853, -0.1659498, -0.9768668
0.08282838, -0.1054452, -0.1735341, -0.975657
0.08192738, -0.1050903, -0.1810535, -0.9744042
0.08135284, -0.1048629, -0.187922, -0.9731756
0.0808444, -0.1046331, -0.194378, -0.971974
0.07991579, -0.1050607, -0.2013187, -0.9705908
0.07922869, -0.1055821, -0.208004, -0.9691799
0.078192, -0.1066203, -0.2180454, -0.9669408
0.0773944, -0.1075098, -0.2251453, -0.9652778
0.07649454, -0.1085687, -0.2328916, -0.9633913
0.07570577, -0.1093899, -0.2405758, -0.9614707
0.0750616, -0.1098945, -0.2483759, -0.9594782
0.07451731, -0.1102036, -0.2559728, -0.9574865
0.07395816, -0.1105395, -0.2636564, -0.9554038
0.07342166, -0.1109191, -0.2703429, -0.9535308
0.07296348, -0.1113726, -0.2766656, -0.9516978
0.07230866, -0.1120464, -0.2830513, -0.949789
0.07109786, -0.113544, -0.2926363, -0.946793
0.07007883, -0.1147423, -0.2996657, -0.9445229
0.06903349, -0.1160076, -0.3071507, -0.9420377
0.06806222, -0.117082, -0.3150223, -0.9393723
0.06697921, -0.1180439, -0.3234836, -0.9364496
0.0660542, -0.1188002, -0.3313192, -0.9336759
0.06464285, -0.119766, -0.3424091, -0.9296417
0.06385494, -0.1202066, -0.349761, -0.9268981
0.06304532, -0.1205314, -0.357221, -0.924062
0.06233161, -0.1207898, -0.3637874, -0.9215115
0.06158453, -0.1210984, -0.3701108, -0.9189997
0.06084124, -0.1215931, -0.3762194, -0.9165001
0.05995294, -0.1223488, -0.3820906, -0.9140259
0.05899969, -0.1232427, -0.3878856, -0.9115235
0.0576656, -0.1245673, -0.3966054, -0.9076684
0.0567352, -0.1253844, -0.4029541, -0.9048137
0.05582068, -0.1259392, -0.4096156, -0.9017974
0.05477099, -0.1263994, -0.4164561, -0.8986588
0.05367196, -0.1269222, -0.4231611, -0.8955138
0.05262572, -0.1273548, -0.4299896, -0.8922557
0.05179439, -0.1277331, -0.4367503, -0.8889605
0.0507258, -0.1281463, -0.4465409, -0.8840852
0.0500296, -0.12832, -0.45292, -0.8808486
0.04936245, -0.128474, -0.4585312, -0.8779561
0.04888146, -0.1284915, -0.4636073, -0.8753107
0.04840164, -0.1286194, -0.4683131, -0.8728099
0.04783316, -0.128949, -0.4727639, -0.8703898
0.04704019, -0.1295856, -0.4790164, -0.8669129
0.04649765, -0.1300265, -0.4831978, -0.8645525
0.04593682, -0.1304586, -0.4873204, -0.8622001
0.04538757, -0.1308193, -0.4915154, -0.85979
0.04493265, -0.1310413, -0.4953274, -0.8575897
0.0443568, -0.1313381, -0.4991036, -0.8553821
0.0434527, -0.1320108, -0.5048509, -0.8519451
0.04279422, -0.1324659, -0.5088175, -0.8495446
0.04205709, -0.1326548, -0.5136128, -0.8466614
0.04103035, -0.1330814, -0.5192772, -0.8431827
0.04013134, -0.1335093, -0.5249316, -0.8396497
0.03906782, -0.1343554, -0.5306193, -0.8359818
0.03792489, -0.1352974, -0.5364648, -0.8321429
0.03611299, -0.1361732, -0.5461418, -0.8257614
0.03491114, -0.1365558, -0.5533934, -0.8209077
0.03404449, -0.1367878, -0.5607076, -0.8159271
0.0331636, -0.13687, -0.5676222, -0.8111547
0.03255645, -0.1366655, -0.5746384, -0.8062588
0.03191911, -0.1364938, -0.5812089, -0.8015901
0.03134781, -0.1363839, -0.5873047, -0.7971762
0.03060284, -0.1362404, -0.595426, -0.7911826
0.03001278, -0.1361864, -0.60053, -0.7873476
0.02939492, -0.1361108, -0.6054493, -0.7836076
0.02880372, -0.1362099, -0.609951, -0.7801135
0.02811052, -0.1363771, -0.6143648, -0.7766382
0.02722821, -0.1366278, -0.6188708, -0.7730397
0.02603343, -0.1369917, -0.6257649, -0.7674463
0.02522539, -0.1372856, -0.6306816, -0.7633852
0.02439354, -0.1374346, -0.6357002, -0.7592114
0.02369284, -0.1374667, -0.6408085, -0.7549212
0.02300717, -0.1374709, -0.6459386, -0.7505569
0.02224449, -0.1375195, -0.6511313, -0.7460708
0.02167397, -0.1375471, -0.6562155, -0.7416146
0.02105611, -0.1375252, -0.662836, -0.7357255
0.02060336, -0.1375999, -0.6669865, -0.7319636
0.02007167, -0.1377337, -0.6709664, -0.7283067
0.01952595, -0.1379693, -0.6746108, -0.7249025
0.01885805, -0.138346, -0.6781814, -0.7215086
0.01814147, -0.1386681, -0.6818171, -0.7180302
0.01707861, -0.1390266, -0.6872004, -0.7128361
0.01642346, -0.1391025, -0.6910769, -0.7090793
0.01593369, -0.1389993, -0.6949036, -0.705361
0.01560628, -0.1389046, -0.6985521, -0.7017742
0.01533631, -0.1388583, -0.7012157, -0.6991277
0.01622023, -0.1382471, -0.7042764, -0.6961461
0.01633115, -0.1383812, -0.7047365, -0.695651
0.01648426, -0.1384812, -0.7061996, -0.6941422
0.01660941, -0.1385363, -0.7066916, -0.6936274
0.01637668, -0.1387388, -0.7067777, -0.6935047
0.01597572, -0.1390578, -0.7071076, -0.6931136
0.01567791, -0.1393133, -0.7074976, -0.6926711
0.0154414, -0.1394146, -0.7078776, -0.6922675
0.01530488, -0.139502, -0.7083352, -0.6917848
0.0154038, -0.1395908, -0.7087304, -0.6913598
0.01548376, -0.1395173, -0.7088075, -0.6912938
0.01552841, -0.1395107, -0.7087561, -0.6913468
0.01549683, -0.1394587, -0.7084388, -0.6916833
0.01546817, -0.1394281, -0.7079867, -0.6921527
0.01532989, -0.1394611, -0.7075282, -0.6926178
0.01509075, -0.139571, -0.7069328, -0.6932086
0.01497577, -0.1395699, -0.7065391, -0.6936125
0.01481558, -0.1396248, -0.7061241, -0.6940275
0.01472072, -0.1397149, -0.705762, -0.6943796
0.0147683, -0.1396945, -0.7054462, -0.6947034
0.01500603, -0.139522, -0.705137, -0.6950468
0.01550999, -0.1392531, -0.7043092, -0.6959286
0.01664018, -0.138724, -0.7023249, -0.6980103
0.01759432, -0.1383092, -0.7003428, -0.7000579
0.01849759, -0.1381174, -0.697598, -0.7028075
0.01932526, -0.1380095, -0.6943562, -0.7060094
0.02001979, -0.138043, -0.6907645, -0.7094981
0.02055018, -0.1382125, -0.6870357, -0.7130617
0.02099318, -0.1384562, -0.6833296, -0.716554
0.02171269, -0.1385379, -0.6779312, -0.7216267
0.02225598, -0.1385996, -0.6741731, -0.7251107
0.02292938, -0.138641, -0.6704405, -0.7285343
0.02366156, -0.1385497, -0.6665643, -0.7320766
0.02448633, -0.1383624, -0.6625669, -0.7357046
0.02550107, -0.1380427, -0.6582203, -0.7396216
0.0272364, -0.1374941, -0.6506101, -0.7463644
0.02835056, -0.1372981, -0.644524, -0.7516211
0.02933143, -0.1372834, -0.6378987, -0.7572173
0.03015392, -0.137442, -0.6312287, -0.7627259
0.0309301, -0.1376615, -0.6253767, -0.7674611
0.03097947, -0.1384037, -0.6194947, -0.7720823
0.03153702, -0.1389334, -0.6104937, -0.7791024
0.03236013, -0.1388802, -0.6044133, -0.7838046
0.0332144, -0.1387286, -0.5981409, -0.7885928
0.0341797, -0.138529, -0.5916336, -0.7934805
0.03527637, -0.1383542, -0.5846963, -0.7985887
0.03635031, -0.1381604, -0.5773472, -0.8039032
0.03747194, -0.1378739, -0.5695709, -0.8094292
0.03937601, -0.1369662, -0.5577112, -0.817709
0.04073106, -0.1363347, -0.5490957, -0.823558
0.04233337, -0.1355374, -0.540595, -0.8292133
0.04360403, -0.1351948, -0.5317665, -0.8348925
0.04436336, -0.1356997, -0.5218775, -0.8409883
0.04491293, -0.1365341, -0.5122631, -0.8467159
0.04465701, -0.138575, -0.5019338, -0.852564
0.04365858, -0.1430522, -0.4845937, -0.8618579
0.04257975, -0.1469426, -0.4698862, -0.8693686
0.04255087, -0.1491411, -0.4572474, -0.8757118
0.04296465, -0.1504321, -0.4464099, -0.8810462
0.0435023, -0.1514022, -0.4368928, -0.8856125
0.04426115, -0.1519719, -0.4284958, -0.8895711
0.04479405, -0.1528736, -0.4169558, -0.8948581
0.04498259, -0.1536428, -0.4095794, -0.8981176
0.04500471, -0.1548927, -0.4024818, -0.9011056
0.04497254, -0.1579152, -0.3915779, -0.9053767
0.04564448, -0.1594797, -0.380552, -0.9097599
0.04656056, -0.1604489, -0.3709434, -0.9135038
0.04788899, -0.1610566, -0.3592552, -0.9179885
0.04864855, -0.1616144, -0.3520344, -0.9206443
0.04922691, -0.162191, -0.345257, -0.9230754
0.04978313, -0.1624785, -0.3392141, -0.9252331
0.05030792, -0.1624944, -0.3339308, -0.9271219
0.05111185, -0.1623154, -0.3277362, -0.9293171
0.05187063, -0.1622423, -0.3219109, -0.9313217
0.05292654, -0.1622278, -0.3136689, -0.9340732
0.05367774, -0.1621194, -0.3084149, -0.9357971
0.05424096, -0.1619588, -0.3034995, -0.9373982
0.05483566, -0.1617457, -0.2988065, -0.9389068
0.05548273, -0.1614041, -0.2939489, -0.9404597
0.0562187, -0.161016, -0.2888496, -0.9420612
0.05766559, -0.1600659, -0.2811725, -0.9444551
0.05873731, -0.1594863, -0.2757093, -0.9460964
0.05969871, -0.15896, -0.2705159, -0.9476228
0.060622, -0.1585235, -0.2656184, -0.9490216
0.06127167, -0.1579538, -0.2607417, -0.9504263
0.06196384, -0.1574647, -0.2560886, -0.9517269
0.06320301, -0.1567753, -0.2499516, -0.9533893
0.06409133, -0.1561023, -0.2461799, -0.9544213
0.06455383, -0.1557238, -0.2419429, -0.9555347
0.06467459, -0.1555323, -0.2357821, -0.9570965
0.06522334, -0.1551967, -0.2300805, -0.9585003
0.06577015, -0.1548612, -0.2245436, -0.9598294
0.06647227, -0.154589, -0.2197474, -0.9609343
0.06753515, -0.1543025, -0.2122395, -0.9625924
0.06826644, -0.1539931, -0.2076617, -0.9635884
0.06906532, -0.1535028, -0.2030799, -0.9645857
0.06995712, -0.1530887, -0.1983417, -0.9655726
0.07082943, -0.1526011, -0.1937633, -0.9665153
0.07155496, -0.1522922, -0.1893906, -0.967377
0.07222109, -0.1520559, -0.1855852, -0.9681019
0.07304873, -0.1517336, -0.1807481, -0.9690051
0.07383777, -0.1521742, -0.1785953, -0.9692753
0.07482266, -0.1516818, -0.176967, -0.9695756
0.07557487, -0.151147, -0.1745291, -0.9700426
0.07610637, -0.1506725, -0.1710595, -0.9706926
0.07644527, -0.1499054, -0.1666308, -0.9715548
0.07656334, -0.1482194, -0.1604439, -0.9728447
0.07709973, -0.147115, -0.1556926, -0.9737417
0.07797159, -0.146227, -0.1504417, -0.974631
0.0788371, -0.1458984, -0.144971, -0.9754393
0.07962593, -0.145496, -0.1398361, -0.9761847
0.08036105, -0.1451743, -0.1348973, -0.976867
0.08092468, -0.1449927, -0.1311268, -0.9773608
0.08147409, -0.144743, -0.1258194, -0.9780496
0.0818981, -0.1442949, -0.1222221, -0.9785364
0.08227649, -0.1440721, -0.1195829, -0.9788635
0.08304249, -0.143608, -0.1161224, -0.9792836
0.08473459, -0.1434323, -0.1128194, -0.9795504
0.08554631, -0.1434184, -0.1080728, -0.980017
0.08533526, -0.1421442, -0.1008126, -0.9809942
0.08595169, -0.1414578, -0.09538952, -0.9815818
0.08665919, -0.1403786, -0.08931585, -0.9822457
0.08726405, -0.1397097, -0.08289368, -0.9828504
0.08791041, -0.1399127, -0.07623214, -0.983303
0.08880387, -0.1407963, -0.06953064, -0.9835933
0.08964466, -0.1424518, -0.06260092, -0.9837441
0.09112971, -0.1449858, -0.05266658, -0.9838195
0.09185605, -0.1463012, -0.04608208, -0.9838876
0.09177967, -0.1471536, -0.04108304, -0.983989
0.09220623, -0.147371, -0.03707799, -0.9840757
0.09336896, -0.1473373, -0.02999999, -0.9842124
0.09564202, -0.1465687, -0.01534631, -0.9844465
0.0993812, -0.1429407, 0.009565513, -0.9846827
0.09562176, -0.1419815, 0.008675396, -0.9852017
0.09536041, -0.1419074, 0.008934584, -0.9852354
0.0942826, -0.1409335, 0.0115943, -0.9854513
0.09435785, -0.1408969, 0.01172984, -0.9854476
0.09470453, -0.1399195, 0.01313667, -0.9855359
0.09513742, -0.1394513, 0.01378119, -0.9855517
0.09576381, -0.1388082, 0.01474272, -0.9855679
0.09637271, -0.1383403, 0.01527871, -0.9855661
0.09704477, -0.1377472, 0.01598355, -0.9855722
0.09787282, -0.1370643, 0.01725136, -0.9855641
0.09819918, -0.1367522, 0.0183647, -0.9855549
0.09866749, -0.1363913, 0.01869008, -0.9855521
0.09936382, -0.1360119, 0.01957194, -0.9855173
0.09967298, -0.1358477, 0.0198494, -0.9855033
0.100063, -0.1354328, 0.02029702, -0.9855118
0.1003741, -0.1348797, 0.02070268, -0.9855475
0.1007075, -0.1344177, 0.0209113, -0.9855723
0.1008733, -0.1342282, 0.0210322, -0.9855785
0.1012012, -0.1337987, 0.02130118, -0.9855975
0.101371, -0.1336259, 0.02152666, -0.9855987
0.101542, -0.133328, 0.02177198, -0.9856159
0.1016739, -0.1332018, 0.02190075, -0.9856166
0.1017836, -0.1331636, 0.02198247, -0.9856085
0.1020067, -0.1331304, 0.02216284, -0.985586
0.1022818, -0.1329074, 0.02226995, -0.9855852
0.1023846, -0.1327093, 0.02233495, -0.9855998
0.1025023, -0.1326164, 0.02238078, -0.985599
0.1026977, -0.1325479, 0.02237481, -0.985588
0.1028971, -0.1325622, 0.02236683, -0.9855654
0.102886, -0.1332083, 0.02242523, -0.9854781
0.10235, -0.1381797, 0.02307607, -0.9848341
0.1014937, -0.1429439, 0.02311353, -0.9842418
0.1003213, -0.1477637, 0.02172168, -0.9836817
0.1003046, -0.1517022, 0.02107135, -0.9830979
0.1007694, -0.1541339, 0.01627472, -0.9827631
0.09935502, -0.1599593, 0.0116828, -0.9820412
0.09917717, -0.1696433, 0.01198694, -0.9804292
0.09889339, -0.1834512, 0.01443895, -0.9779352
0.09872067, -0.1917057, 0.01568993, -0.9763488
0.09848088, -0.2010186, 0.01819161, -0.9744548
0.09780418, -0.2100713, 0.01905206, -0.9725952
0.09669844, -0.2207569, 0.02105783, -0.9702951
0.09632847, -0.2319648, 0.02209792, -0.9676906
0.09592972, -0.2459986, 0.02580427, -0.9641662
0.09533815, -0.2660272, 0.0280395, -0.9588295
0.09489851, -0.2810068, 0.02941547, -0.9545492
0.09424777, -0.2957302, 0.03108536, -0.9501026
0.09398985, -0.3084006, 0.03259309, -0.9460405
0.09375767, -0.3205954, 0.03385001, -0.9419566
0.09311351, -0.3346719, 0.03449517, -0.9370884
0.09222143, -0.3559196, 0.0368277, -0.9292255
0.09189579, -0.3716235, 0.03890823, -0.9230046
0.09143105, -0.3845858, 0.04054089, -0.9176549
0.09120119, -0.3968001, 0.04171431, -0.91241
0.09056536, -0.4089817, 0.04260016, -0.9070376
0.08976502, -0.4189613, 0.04345068, -0.9025107
0.08698051, -0.4335391, 0.0434182, -0.8958756
0.08596501, -0.4483477, 0.04454196, -0.8886002
0.08451632, -0.4614561, 0.0443637, -0.8820131
0.08300982, -0.4731654, 0.04436402, -0.8759313
0.08228221, -0.4850859, 0.04576841, -0.869383
0.08086675, -0.4976911, 0.04649245, -0.8623241
0.07799196, -0.5125132, 0.04608672, -0.8538873
0.07595774, -0.533389, 0.04749168, -0.841113
0.07541607, -0.5431643, 0.04835611, -0.8348334
0.07486496, -0.5553614, 0.04948433, -0.8267528
0.07389987, -0.5663963, 0.05006194, -0.819285
0.07124756, -0.5801436, 0.05044607, -0.8098224
0.06998305, -0.591186, 0.05111764, -0.8018656
0.06845258, -0.6028742, 0.05208163, -0.7931864
0.06438895, -0.6206253, 0.05201058, -0.7797263
0.06129264, -0.6343221, 0.05223612, -0.7688628
0.05970609, -0.6444443, 0.05255584, -0.7605029
0.05935947, -0.651387, 0.05311454, -0.7545531
0.05953947, -0.6568606, 0.0530192, -0.7497855
0.06087489, -0.661437, 0.05273183, -0.7456639
0.06063825, -0.6652719, 0.05253912, -0.7422775
0.05962789, -0.6716833, 0.05137245, -0.7366456
0.05934362, -0.6749269, 0.05135507, -0.7336994
0.05883285, -0.6780125, 0.05116045, -0.7309038
0.05722939, -0.6828163, 0.05005623, -0.726623
0.05673813, -0.6859162, 0.04984415, -0.723751
0.05536944, -0.6901944, 0.04826324, -0.7198866
0.05497329, -0.6932954, 0.0479681, -0.7169507
0.05435195, -0.6976336, 0.04775288, -0.7127923
0.05355516, -0.7015691, 0.04689159, -0.7090372
0.05283166, -0.7052844, 0.04616632, -0.705444
0.052211, -0.708939, 0.04552428, -0.7018597
0.05194688, -0.7115767, 0.04546133, -0.6992092
0.05087741, -0.7157862, 0.04437648, -0.6950483
0.05019768, -0.7189991, 0.04379626, -0.6918109
0.04756638, -0.7242295, 0.04245499, -0.6866052
0.0467404, -0.7279902, 0.04257486, -0.6826662
0.04520545, -0.7334646, 0.04287441, -0.6768662
0.0418225, -0.7399809, 0.04160425, -0.670036
0.04140921, -0.7450291, 0.04211995, -0.6644117
0.0408011, -0.7492371, 0.04209656, -0.659702
0.03958658, -0.7537344, 0.0414102, -0.6546775
0.03702795, -0.7570142, 0.03949759, -0.6511515
0.03590821, -0.7595175, 0.03883715, -0.6483329
0.03427391, -0.7619013, 0.03772358, -0.6456845
0.0326562, -0.7641587, 0.03671427, -0.643154
0.03217864, -0.7660417, 0.03650304, -0.6409463
0.0310883, -0.7680262, 0.0358082, -0.6386603
0.02975316, -0.7715992, 0.03482475, -0.6344578
0.02886655, -0.7745361, 0.03405874, -0.6309522
0.02792887, -0.7771572, 0.03328924, -0.6278046
0.02723393, -0.7795494, 0.03252049, -0.6249028
0.0266653, -0.7818774, 0.03184031, -0.6220473
0.02650961, -0.7838559, 0.03191561, -0.6195552
0.02592188, -0.78589, 0.03133537, -0.6170275
0.02546412, -0.7891691, 0.03108018, -0.6128603
0.02438595, -0.7925194, 0.03102768, -0.6085685
0.02278674, -0.7964979, 0.03139717, -0.6033954
0.0224658, -0.799587, 0.03156001, -0.5992995
0.02157304, -0.8020431, 0.03163289, -0.5960374
0.02141496, -0.8039107, 0.03167373, -0.5935199
0.02060929, -0.8058474, 0.03156086, -0.5909225
0.02022926, -0.8081659, 0.03144597, -0.5877667
0.01984186, -0.8096422, 0.03142316, -0.5857462
0.01954106, -0.8109673, 0.03158329, -0.5839115
0.01914959, -0.8124012, 0.03175139, -0.5819187
0.01864007, -0.8141767, 0.0318849, -0.5794414
0.01813598, -0.8154987, 0.03203278, -0.577587
0.01756844, -0.8173383, 0.03246005, -0.5749746
0.01717031, -0.8183982, 0.03262931, -0.5734674
0.01694422, -0.8192004, 0.03273557, -0.5723216
0.01685309, -0.8200128, 0.03270381, -0.5711616
0.01672411, -0.820695, 0.03279212, -0.5701796
0.01667326, -0.8213947, 0.03290816, -0.5691658
0.01657516, -0.8219537, 0.03331335, -0.5683376
0.01649193, -0.822694, 0.03371198, -0.5672442
0.01647246, -0.8231362, 0.03379904, -0.5665978
0.01645787, -0.8235356, 0.03401187, -0.5660049
0.01645848, -0.8237278, 0.03419613, -0.5657138
0.01648244, -0.8239533, 0.03436944, -0.5653743
0.01650326, -0.8243679, 0.03439718, -0.5647672
0.01657293, -0.824663, 0.03468977, -0.5643165
0.01664584, -0.8247941, 0.0347552, -0.5641186
0.01681955, -0.8248684, 0.03494258, -0.5639932
0.01696117, -0.8249087, 0.03500788, -0.5639257
0.01710525, -0.8248102, 0.03516264, -0.5640559
0.01716945, -0.8247908, 0.0352065, -0.5640796
0.01724301, -0.8248606, 0.03519316, -0.5639762
0.01748282, -0.824863, 0.03531018, -0.5639578
0.01774686, -0.8247577, 0.03545493, -0.5640946
0.01794776, -0.8247289, 0.03554019, -0.564125
0.01807314, -0.8247447, 0.03557337, -0.5640957
0.01825326, -0.8247382, 0.0356311, -0.564096
0.01841605, -0.8247364, 0.03571353, -0.564088
0.01859037, -0.8247393, 0.03574755, -0.5640758
0.01891835, -0.8247839, 0.0358278, -0.5639948
0.01915812, -0.8248168, 0.03587585, -0.5639353
0.01950002, -0.8247061, 0.0359, -0.5640842
0.02000697, -0.823496, 0.03581639, -0.5658369
0.02321186, -0.8218926, 0.03590792, -0.5680356
0.02415732, -0.8208711, 0.03582317, -0.5694768
0.02491587, -0.8198077, 0.03579523, -0.5709757
0.02572627, -0.8173658, 0.03568926, -0.5744368
0.02668605, -0.8155497, 0.03545572, -0.5769831
0.02809481, -0.8140472, 0.03528958, -0.5790446
0.02935802, -0.8125427, 0.03510021, -0.5811028
0.02953721, -0.8101168, 0.03484804, -0.5844861
0.02976359, -0.8081291, 0.03442557, -0.5872446
0.02964811, -0.806077, 0.03315419, -0.5901371
0.02927996, -0.8044968, 0.03245684, -0.5923464
0.02831567, -0.8033895, 0.03100006, -0.5939718
0.02816275, -0.8011942, 0.03038913, -0.5969684
0.02702409, -0.8002257, 0.02870818, -0.5984016
0.0265573, -0.7982104, 0.02781536, -0.6011497
0.0264365, -0.7942575, 0.02678923, -0.6064146
0.02644054, -0.7913952, 0.02604121, -0.6101773
0.0265285, -0.7883127, 0.02553677, -0.6141719
0.02675705, -0.7854381, 0.02496509, -0.6178574
0.0266124, -0.7827195, 0.02463692, -0.621317
0.0250779, -0.7801751, 0.02416912, -0.6245908
0.02467812, -0.777307, 0.02389324, -0.628183
0.02319092, -0.7740925, 0.02326125, -0.6322199
0.02246588, -0.7720872, 0.02312344, -0.6346983
0.02190744, -0.7699478, 0.02304287, -0.6373143
0.02148117, -0.7677335, 0.02290637, -0.6399993
0.02151097, -0.7639789, 0.02251895, -0.6444892
0.02177193, -0.7610685, 0.02249936, -0.6479156
0.02214128, -0.7581347, 0.0224578, -0.651335
0.02252367, -0.7549419, 0.02253447, -0.6550172
0.02302116, -0.7533361, 0.0227171, -0.6568398
0.02295835, -0.7509784, 0.02275028, -0.6595351
0.02014078, -0.7491901, 0.02359428, -0.6616281
0.01970339, -0.7453763, 0.02364974, -0.6659328
0.01814565, -0.7412033, 0.02422739, -0.6705979
0.01879317, -0.7362606, 0.02576623, -0.6759462
0.01918757, -0.7301739, 0.02689784, -0.6824618
0.01929913, -0.7276049, 0.02697999, -0.685194
0.01884756, -0.7252487, 0.02705048, -0.6876972
0.01856771, -0.7218249, 0.02706373, -0.691297
0.01781321, -0.7185946, 0.02741725, -0.6946603
0.01777268, -0.7158868, 0.02742804, -0.697451
0.01779813, -0.7131938, 0.02747593, -0.7002022
0.01782247, -0.7087998, 0.0275529, -0.704646
0.01804255, -0.7054355, 0.02762325, -0.7080058
0.0183895, -0.7028077, 0.02798026, -0.7105916
0.01877123, -0.7003482, 0.02832957, -0.712992
0.01909018, -0.69815, 0.0285369, -0.7151277
0.01928185, -0.695959, 0.02852727, -0.7172555
0.0196973, -0.6925816, 0.02868919, -0.7204996
0.02040312, -0.6902067, 0.02900401, -0.7227427
0.02073953, -0.6875013, 0.0290081, -0.7253071
0.02147013, -0.6849883, 0.02918495, -0.7276524
0.0221133, -0.6822976, 0.02938633, -0.730149
0.02260815, -0.6786251, 0.02921712, -0.7335551
0.02391533, -0.6758739, 0.02944114, -0.7360406
0.02543312, -0.6703045, 0.02963822, -0.7410578
0.0260712, -0.6666722, 0.02963646, -0.7443052
0.02706147, -0.6628777, 0.02968043, -0.7476497
0.02758679, -0.6583312, 0.02929179, -0.7516522
0.02765049, -0.6543308, 0.02919958, -0.7551384
0.0266999, -0.6503239, 0.02944124, -0.7586166
0.02594312, -0.6455067, 0.02980675, -0.7627317
0.02583777, -0.6398292, 0.03014849, -0.7674907
0.02608188, -0.6359095, 0.03071412, -0.7707109
0.02805341, -0.630724, 0.03184099, -0.7748462
0.03033671, -0.6241681, 0.03286049, -0.7800091
0.03108696, -0.617875, 0.03289171, -0.7849727
0.03350339, -0.6118031, 0.03366474, -0.789583
0.03727605, -0.6029214, 0.03503349, -0.7961589
0.03892737, -0.5966378, 0.03565492, -0.8007725
0.04056373, -0.5900823, 0.0360103, -0.8055189
0.0410321, -0.5836671, 0.03570402, -0.8101693
0.0425933, -0.5757346, 0.03653328, -0.8157088
0.04276176, -0.5705175, 0.03616549, -0.8193737
0.04209643, -0.5652342, 0.03570051, -0.8230818
0.04852435, -0.5577849, 0.04209546, -0.8274959
0.04968961, -0.5507579, 0.042389, -0.8321058
0.05337362, -0.5437012, 0.04548515, -0.8363441
0.05467533, -0.5377514, 0.04653092, -0.8400409
0.05557286, -0.5319759, 0.04742449, -0.8436019
0.05663107, -0.5252115, 0.04832266, -0.8477092
0.05773436, -0.5140169, 0.04673013, -0.8545582
0.05805139, -0.5074181, 0.04581934, -0.8585206
0.05841545, -0.5017971, 0.04533443, -0.8618191
0.05888957, -0.4951209, 0.04410234, -0.8657034
0.06016828, -0.4863524, 0.04259197, -0.8706475
0.06088281, -0.47772, 0.04131374, -0.8754257
0.0611019, -0.4711016, 0.04071068, -0.8790179
0.06148553, -0.4616245, 0.03978325, -0.8840473
0.06208595, -0.4554245, 0.0392662, -0.8872384
0.06381257, -0.4468062, 0.03884794, -0.8915061
0.06433737, -0.4405136, 0.03861589, -0.8946045
0.06641543, -0.4327831, 0.03893162, -0.898205
0.06720965, -0.4266811, 0.03873788, -0.9010691
0.06961552, -0.4157129, 0.03845431, -0.9060121
0.07027555, -0.4084243, 0.03803281, -0.9092879
0.07006912, -0.4004767, 0.03679767, -0.9128826
0.07093079, -0.3929155, 0.03473571, -0.9161767
0.07199852, -0.3872735, 0.03389909, -0.918524
0.07386872, -0.3809129, 0.03324147, -0.9210558
0.07652121, -0.3708497, 0.03258108, -0.9249613
0.07867566, -0.3625206, 0.03039733, -0.9281514
0.07915783, -0.3579596, 0.0299908, -0.9298922
0.07974719, -0.3522322, 0.02893645, -0.9320598
0.08105829, -0.3448753, 0.02816923, -0.9347177
0.08181581, -0.3399881, 0.02787684, -0.9364492
0.08220837, -0.335712, 0.02745131, -0.9379689
0.08308867, -0.3288105, 0.02729687, -0.9403377
0.08363983, -0.3242307, 0.0279023, -0.94186
0.08420926, -0.3188992, 0.02841672, -0.9436125
0.08445796, -0.313583, 0.02796322, -0.9453838
0.08491089, -0.3075548, 0.02789922, -0.9473235
0.08563472, -0.3005892, 0.02831585, -0.9494794
0.08590544, -0.2934404, 0.02675587, -0.9517337
0.08582933, -0.2812484, 0.02472029, -0.9554694
0.08583836, -0.2761415, 0.02438816, -0.9569654
0.08612054, -0.2724396, 0.02394844, -0.9580117
0.08643343, -0.2694467, 0.0235589, -0.9588392
0.0873521, -0.2643014, 0.02324979, -0.9601947
0.08827332, -0.2583458, 0.02273603, -0.9617423
0.08947134, -0.2531739, 0.02297452, -0.9630005
0.09025677, -0.2495754, 0.02341076, -0.9638557
0.09118302, -0.2465116, 0.02375137, -0.9645483
0.09211811, -0.2425353, 0.02507855, -0.9654336
0.09234688, -0.2413257, 0.02502751, -0.9657162
0.09352473, -0.2379376, 0.02620437, -0.9664121
0.09407273, -0.2363002, 0.02616972, -0.9667615
0.09420975, -0.2353771, 0.02643074, -0.9669662
0.09517615, -0.2321301, 0.02650066, -0.9676543
0.09595181, -0.2292372, 0.02696425, -0.9682544
0.0965078, -0.2274281, 0.02731462, -0.9686158
0.09678496, -0.2267168, 0.02753846, -0.9687486
0.09693924, -0.2262174, 0.02770443, -0.9688452
0.09732118, -0.2250794, 0.02807712, -0.9690612
0.09771875, -0.2237938, 0.02853835, -0.9693054
0.09824915, -0.221978, 0.03073474, -0.9696021
0.09848628, -0.2201906, 0.03027574, -0.97
0.09870771, -0.2178591, 0.03056349, -0.9704948
0.09917249, -0.2151289, 0.03096749, -0.9710435
0.09954411, -0.2119829, 0.03147801, -0.9716806
0.09937399, -0.2104786, 0.03097201, -0.9720412
0.098536, -0.2075917, 0.02815703, -0.9728327
0.09851586, -0.2062832, 0.02749472, -0.973132
0.09865339, -0.2050981, 0.02767685, -0.9733634
0.09884441, -0.2026725, 0.02826707, -0.973835
0.09889202, -0.1995727, 0.0286121, -0.9744601
0.09909467, -0.1968359, 0.02847454, -0.9750001
0.09925086, -0.192469, 0.02796507, -0.9758703
0.09952962, -0.1886622, 0.02832897, -0.9765745
0.09977565, -0.1850385, 0.02779588, -0.977258
0.09983351, -0.1809289, 0.02717628, -0.9780385
0.1006102, -0.1754258, 0.02567056, -0.9790017
0.100771, -0.1711153, 0.02401429, -0.9797899
0.1010539, -0.1666313, 0.02320335, -0.9805527
0.1011993, -0.1641473, 0.02284508, -0.9809651
0.1014588, -0.1607313, 0.02237006, -0.9815148
0.1017836, -0.1576744, 0.02121278, -0.9820025
0.1015016, -0.155615, 0.02362251, -0.982305
0.1018558, -0.1541377, 0.02305134, -0.982515
0.1024628, -0.1513871, 0.02193291, -0.982905
0.1031487, -0.1466871, 0.01975741, -0.9835918
0.1034021, -0.1449594, 0.01952901, -0.983826
0.1036758, -0.143133, 0.01974352, -0.9840603
0.1037523, -0.1425572, 0.01995318, -0.9841314
0.1038354, -0.141825, 0.0202274, -0.9842229
0.1038589, -0.1413111, 0.02038798, -0.984291
0.1038696, -0.1396968, 0.02105227, -0.9845063
0.1039025, -0.1389959, 0.0213875, -0.9845949
0.1038762, -0.1376875, 0.02189969, -0.9847702
0.1038602, -0.1365682, 0.02228488, -0.984919
0.1039146, -0.1358111, 0.02245861, -0.9850141
0.1039743, -0.1352214, 0.02260747, -0.9850855
0.1040825, -0.1345915, 0.02275059, -0.9851571
0.1042333, -0.1341997, 0.02283641, -0.9851925
0.1043508, -0.1333178, 0.02301706, -0.9852957
0.1044503, -0.1324046, 0.02317744, -0.9854044
0.1044809, -0.1314298, 0.02331612, -0.9855285
0.1045436, -0.1304214, 0.02346813, -0.9856521
0.1045674, -0.1298355, 0.02355326, -0.9857249
0.1045742, -0.1292466, 0.02360268, -0.9858004
0.1045806, -0.1289005, 0.02363323, -0.9858443
0.1046387, -0.1287548, 0.02361836, -0.9858576
0.1046113, -0.1285047, 0.02360518, -0.9858935
0.1046321, -0.1282223, 0.02360138, -0.9859281
0.1047539, -0.1276288, 0.02361459, -0.9859918
0.1048542, -0.1272371, 0.02354622, -0.9860333
0.1049161, -0.1266898, 0.02352562, -0.9860978
0.104992, -0.1259923, 0.02358055, -0.9861777
0.1050763, -0.1257361, 0.02357182, -0.9862018
0.1050375, -0.1251857, 0.02356691, -0.986276
0.1050038, -0.1247599, 0.02353874, -0.9863342
0.105115, -0.1245656, 0.0234698, -0.9863485
0.1052203, -0.1243156, 0.02347489, -0.9863687
0.1053441, -0.1240866, 0.02348761, -0.986384
0.1054015, -0.1235625, 0.02342207, -0.9864452
0.1054749, -0.1231481, 0.02341744, -0.9864894
0.105615, -0.1229287, 0.02337752, -0.9865026
0.1056083, -0.1225161, 0.02330102, -0.9865565
0.1054421, -0.122201, 0.02320218, -0.9866157
0.1052914, -0.1219149, 0.02311133, -0.9866692
0.1051279, -0.1216502, 0.02303901, -0.9867211
0.1050909, -0.1215225, 0.02298208, -0.9867422
0.105056, -0.1214231, 0.0229352, -0.9867592
0.1049444, -0.1210527, 0.02279149, -0.9868198
0.1048869, -0.1208216, 0.02270515, -0.9868563
0.1048929, -0.1207754, 0.02270205, -0.9868613
0.1049545, -0.120758, 0.0227102, -0.9868568
0.1050536, -0.1207103, 0.02273071, -0.9868516
0.1051232, -0.1204749, 0.02274297, -0.9868727
0.1051501, -0.119777, 0.0227268, -0.9869552
0.1051239, -0.1193428, 0.02271445, -0.9870108
0.1051452, -0.1189246, 0.02268696, -0.9870596
0.1050787, -0.1187099, 0.02262293, -0.987094
0.1050389, -0.1184617, 0.02256672, -0.9871293
0.1050236, -0.1182783, 0.02248902, -0.9871548
0.1048823, -0.117937, 0.0224134, -0.9872124
0.1048223, -0.1177457, 0.02232248, -0.9872437
0.1048009, -0.1177313, 0.02225958, -0.987249
0.1046541, -0.1175911, 0.0221344, -0.9872841
0.1045469, -0.1175629, 0.02210338, -0.9872995
0.1043855, -0.1175139, 0.02202141, -0.9873243
0.1043606, -0.1173138, 0.0219177, -0.9873531
0.1043736, -0.1171501, 0.02184528, -0.9873728
0.1041501, -0.1169265, 0.02158703, -0.9874284
0.1039596, -0.1174206, 0.02156232, -0.9873905
0.1039718, -0.1176749, 0.02171127, -0.9873555
0.1040402, -0.11752, 0.02180531, -0.9873648
0.1040505, -0.1172547, 0.02188414, -0.9873935
0.1040667, -0.1172293, 0.02195297, -0.9873932
0.1040328, -0.1171481, 0.02198033, -0.9874058
0.1037419, -0.1167227, 0.02193812, -0.9874878
0.1032597, -0.116353, 0.02192459, -0.9875822
0.1027143, -0.1158263, 0.0218942, -0.9877017
0.1021559, -0.1155237, 0.02195431, -0.9877937
0.101556, -0.1158008, 0.02211849, -0.9878195
0.1002546, -0.1168051, 0.0227729, -0.9878194
0.09921195, -0.1177014, 0.02330331, -0.9878058
0.09815971, -0.1188989, 0.0238882, -0.9877535
0.09689511, -0.1204343, 0.02494482, -0.9876663
0.09531053, -0.1219515, 0.02646214, -0.9875949
0.09329274, -0.1228278, 0.02788578, -0.9876397
0.08919594, -0.1226448, 0.02905703, -0.988007
0.0858614, -0.1218593, 0.02953162, -0.9883856
0.08225729, -0.1214408, 0.02998297, -0.9887299
0.07861188, -0.1216848, 0.03053398, -0.9889796
0.07540096, -0.1223995, 0.0312438, -0.9891192
0.07224993, -0.1233526, 0.03202792, -0.9892109
0.06896408, -0.1244356, 0.03290274, -0.9892811
0.06602525, -0.1254546, 0.03381427, -0.9893221
0.06197707, -0.1265045, 0.0353495, -0.9893967
0.05845319, -0.1268144, 0.03590254, -0.9895516
0.05440486, -0.1265567, 0.03635272, -0.989799
0.04994282, -0.1258355, 0.03634511, -0.9901263
0.04558225, -0.1249402, 0.03627909, -0.9904525
0.04158183, -0.1245839, 0.03622093, -0.9906754
0.03741957, -0.1247544, 0.03628253, -0.9908176
0.03109801, -0.1249281, 0.03573292, -0.9910343
0.02600523, -0.1249592, 0.03553668, -0.9911842
0.02070289, -0.1247725, 0.03542186, -0.9913368
0.01541324, -0.1243722, 0.03539449, -0.9914844
0.00981622, -0.1236468, 0.03528683, -0.99165
0.004058861, -0.1228308, 0.03524309, -0.9917934
-0.001865279, -0.1220714, 0.03540074, -0.991888
-0.01013457, -0.1216736, 0.03620087, -0.9918579
-0.01512688, -0.1218049, 0.03690278, -0.9917525
-0.02012962, -0.1219431, 0.03757501, -0.9916213
-0.02475252, -0.1222339, 0.03842197, -0.9914483
-0.02959793, -0.1221662, 0.03874429, -0.9913114
-0.03464228, -0.1215536, 0.03881219, -0.9912207
-0.04144665, -0.1204996, 0.03856043, -0.9910979
-0.05022405, -0.1196467, 0.0385942, -0.9907941
-0.05518541, -0.1198558, 0.03906441, -0.9904863
-0.06069621, -0.1191814, 0.03850872, -0.990267
-0.0661783, -0.1177944, 0.03784334, -0.9901075
-0.07153059, -0.1175336, 0.03795974, -0.9897618
-0.07640374, -0.1178246, 0.03840679, -0.9893456
-0.08014233, -0.1179058, 0.03887833, -0.9890217
-0.08377983, -0.1177318, 0.03931888, -0.9887235
-0.08962846, -0.1171617, 0.03988893, -0.9882554
-0.09347516, -0.1168104, 0.04025158, -0.9879258
-0.09750196, -0.1165086, 0.0406031, -0.9875579
-0.101782, -0.1160912, 0.04094933, -0.9871607
-0.1064914, -0.1156731, 0.04122435, -0.9867015
-0.1112573, -0.1152569, 0.04155705, -0.9862103
-0.116356, -0.1149601, 0.04198057, -0.9856384
-0.121954, -0.1146135, 0.04234776, -0.9849861
-0.1300531, -0.114471, 0.04294431, -0.9839402
-0.1348173, -0.1146095, 0.04347318, -0.9832594
-0.139412, -0.1147541, 0.04404164, -0.9825762
-0.14361, -0.1150339, 0.04463311, -0.981912
-0.1471905, -0.1153024, 0.04506589, -0.9813305
-0.1510083, -0.1152221, 0.04521525, -0.9807527
-0.1570409, -0.1146121, 0.04519196, -0.9798774
-0.1614444, -0.1141948, 0.04511153, -0.9792141
-0.1660637, -0.1134987, 0.04487855, -0.9785329
-0.1709145, -0.1125275, 0.04463954, -0.9778205
-0.1755505, -0.111439, 0.04467475, -0.9771221
-0.1806409, -0.1101157, 0.04431805, -0.9763603
-0.1857364, -0.1087163, 0.04414938, -0.9755684
-0.192005, -0.1068018, 0.04403248, -0.9745709
-0.1968667, -0.1054561, 0.04371146, -0.9737617
-0.2017722, -0.1042061, 0.04357158, -0.9728981
-0.2064946, -0.1028373, 0.0434714, -0.972057
-0.2110521, -0.1015063, 0.04348158, -0.9712172
-0.2159363, -0.100251, 0.04348131, -0.9702734
-0.223167, -0.09885862, 0.04337651, -0.9687837
-0.2279214, -0.09800602, 0.04336367, -0.9677635
-0.233393, -0.09716381, 0.04347856, -0.9665384
-0.238961, -0.09644804, 0.04364644, -0.9652411
-0.2442757, -0.09609814, 0.04391709, -0.9639325
-0.2501743, -0.09555127, 0.04403671, -0.9624674
-0.2590497, -0.09470852, 0.04413152, -0.9601958
-0.2645441, -0.09431864, 0.04447695, -0.9587191
-0.2701806, -0.09314666, 0.04481899, -0.9572446
-0.276484, -0.09278957, 0.04428914, -0.9555026
-0.2819409, -0.09254775, 0.04441321, -0.9539244
-0.2886999, -0.09159136, 0.04358251, -0.9520316
-0.2979287, -0.09034628, 0.04323678, -0.949319
-0.3042957, -0.08985093, 0.0433974, -0.947337
-0.3102594, -0.08964641, 0.04383188, -0.9454001
-0.3172661, -0.08930533, 0.04428124, -0.9430832
-0.3232267, -0.08939851, 0.04510871, -0.9410088
-0.3289345, -0.08928335, 0.04588135, -0.9390024
-0.3343232, -0.08855239, 0.04631754, -0.9371452
-0.3414932, -0.08741668, 0.0468737, -0.9346355
-0.3461848, -0.08670545, 0.04740612, -0.9329474
-0.3506316, -0.08623898, 0.04815641, -0.9312901
-0.3550589, -0.08560991, 0.04863664, -0.9296443
-0.3596953, -0.08497865, 0.04940083, -0.9278779
-0.3648348, -0.08425729, 0.05013706, -0.9258956
-0.3720406, -0.08306123, 0.05079677, -0.9230961
-0.3775677, -0.08222464, 0.05122871, -0.9209003
-0.3840294, -0.08162458, 0.0518075, -0.9182455
-0.391125, -0.0811253, 0.05238139, -0.9152574
-0.3986368, -0.08068641, 0.05279804, -0.9120257
-0.4063529, -0.08036982, 0.05321776, -0.9086176
-0.4179409, -0.07960464, 0.05369175, -0.9033857
-0.4252268, -0.07912181, 0.0539971, -0.9000034
-0.4319128, -0.07859705, 0.05425043, -0.8968449
-0.4379838, -0.07748356, 0.05403166, -0.8940063
-0.4435863, -0.07621782, 0.05365295, -0.8913716
-0.4488586, -0.07520124, 0.05334605, -0.8888335
-0.4555998, -0.07345142, 0.05249827, -0.8855945
-0.46007, -0.07175982, 0.0515229, -0.8834768
-0.4645287, -0.06995487, 0.05044351, -0.8813482
-0.4691201, -0.0679407, 0.04926419, -0.8791379
-0.4736922, -0.06539688, 0.04768794, -0.8769634
-0.4801174, -0.06166115, 0.04536543, -0.8738577
-0.4851685, -0.05895639, 0.04372166, -0.8713346
-0.4900026, -0.05611002, 0.04167008, -0.8689148
-0.4942731, -0.05344605, 0.03944194, -0.8667652
-0.4980612, -0.05115206, 0.03718195, -0.8648329
-0.50262, -0.0487267, 0.03502562, -0.8624223
-0.5071617, -0.04622292, 0.03282281, -0.8599843
-0.513342, -0.04298529, 0.02985064, -0.8565869
-0.5170464, -0.04084923, 0.02788824, -0.8545272
-0.52029, -0.03862764, 0.0259716, -0.8527203
-0.5223829, -0.03607194, 0.02365598, -0.8516193
-0.524491, -0.0331963, 0.02116868, -0.8505052
-0.5264699, -0.03026859, 0.01843795, -0.8494546
-0.5293401, -0.02611571, 0.01412365, -0.8478901
-0.5311887, -0.02343697, 0.01096536, -0.8468584
-0.5331245, -0.02094203, 0.007727193, -0.8457423
-0.535161, -0.01877888, 0.004653302, -0.8445284
-0.5377777, -0.0169097, 0.002083542, -0.8429146
-0.5399633, -0.01498206, -0.0006327491, -0.8415551
-0.5422549, -0.01292655, -0.003294083, -0.8401081
-0.5457498, -0.009625027, -0.007382025, -0.8378603
-0.548344, -0.007200072, -0.01023159, -0.8361592
-0.5510986, -0.004430297, -0.01316124, -0.8343245
-0.5539579, -0.001349523, -0.01617544, -0.8323865
-0.5569271, 0.001771451, -0.01917182, -0.8303382
-0.5595723, 0.004669695, -0.02231701, -0.8284678
-0.5627916, 0.008302671, -0.02658101, -0.8261296
-0.5650896, 0.0104659, -0.02929683, -0.8244427
-0.56758, 0.0127097, -0.03189371, -0.8226021
-0.5701609, 0.0153561, -0.03449925, -0.8206647
-0.572597, 0.0181512, -0.0370924, -0.8187963
-0.574823, 0.02122759, -0.03976869, -0.8170351
-0.577764, 0.02585385, -0.04376141, -0.8146197
-0.579497, 0.02897272, -0.04651478, -0.8131299
-0.5813725, 0.03199426, -0.04915953, -0.8115206
-0.5832328, 0.03499204, -0.05183696, -0.8098938
-0.5851349, 0.03793095, -0.05450642, -0.8082125
-0.5869353, 0.04075523, -0.05713278, -0.8065866
-0.5896826, 0.04440557, -0.06056451, -0.804136
-0.5912678, 0.04669186, -0.06276891, -0.8026721
-0.592571, 0.04878242, -0.06498246, -0.8014095
-0.5938096, 0.05087171, -0.06719069, -0.8001798
-0.5953302, 0.05265348, -0.06938116, -0.7987464
-0.5971917, 0.05417128, -0.07156891, -0.7970604
-0.599111, 0.0557519, -0.07372353, -0.7953128
-0.6019104, 0.05855363, -0.07703378, -0.7926798
-0.6036882, 0.06072381, -0.07925887, -0.7909432
-0.6054732, 0.06305367, -0.08154996, -0.7891616
-0.6072724, 0.06550688, -0.08390532, -0.7873303
-0.6089585, 0.06804443, -0.086432, -0.7855375
-0.6104072, 0.07061949, -0.08904523, -0.7838921
-0.6122535, 0.07428175, -0.09250893, -0.7817097
-0.6135571, 0.07684296, -0.0948939, -0.7801526
-0.6151283, 0.07946143, -0.09735008, -0.7783483
-0.6170465, 0.08190241, -0.0996776, -0.7762795
-0.6190321, 0.08425799, -0.1019898, -0.7741434
-0.6210236, 0.08648373, -0.1041897, -0.772007
-0.6235467, 0.08969653, -0.1075895, -0.769135
-0.6250323, 0.09192558, -0.1101378, -0.7673031
-0.6265048, 0.0937712, -0.1126241, -0.7655159
-0.6284629, 0.09527647, -0.1150993, -0.7633538
-0.6311767, 0.09638865, -0.117192, -0.7606519
-0.6336264, 0.0982475, -0.1198422, -0.7579598
-0.6372749, 0.1018247, -0.1239633, -0.7537543
-0.642024, 0.102374, -0.126582, -0.7492007
-0.64555, 0.1040184, -0.1297423, -0.7453941
-0.6505607, 0.1059466, -0.1350455, -0.7398033
-0.6532206, 0.1072091, -0.1374491, -0.7368289
-0.6561141, 0.1096554, -0.1415643, -0.7331096
-0.6593953, 0.1119162, -0.1463416, -0.7288737
-0.6640365, 0.1143175, -0.152629, -0.7229741
-0.6669024, 0.1158442, -0.1569396, -0.7191603
-0.6686186, 0.1169825, -0.1599633, -0.7167119
-0.6702945, 0.1180282, -0.1632864, -0.7142214
-0.6716393, 0.1188068, -0.1660737, -0.7121835
-0.6732038, 0.1203388, -0.1698761, -0.7095472
-0.6740853, 0.1220976, -0.1725803, -0.7077551
-0.6748654, 0.1247569, -0.1756684, -0.7057855
-0.6756183, 0.1279497, -0.1788781, -0.7036843
-0.6763688, 0.1318206, -0.1820198, -0.7014396
-0.6772664, 0.1350652, -0.1850145, -0.699169
-0.681622, 0.1353005, -0.1908119, -0.6933081
-0.6842726, 0.1403411, -0.1953067, -0.6884262
-0.6855014, 0.1432983, -0.1982973, -0.6857343
-0.6862285, 0.145846, -0.2006246, -0.6837902
-0.6866104, 0.1482088, -0.2023523, -0.6823884
-0.6867678, 0.1504187, -0.2036533, -0.6813588
-0.6868738, 0.1522712, -0.2048247, -0.6804886
-0.6872672, 0.1538447, -0.2065563, -0.6792129
-0.6878292, 0.1545553, -0.2079341, -0.6780612
-0.6884677, 0.1552636, -0.2091908, -0.6768637
-0.6890196, 0.1560488, -0.210759, -0.6756342
-0.6893706, 0.1572017, -0.2122911, -0.6745283
-0.6897252, 0.1584728, -0.213696, -0.6734238
-0.6898007, 0.1613695, -0.2157884, -0.6719898
-0.6897422, 0.1633213, -0.2171058, -0.6711534
-0.6897146, 0.1649286, -0.2183751, -0.6703765
-0.6899299, 0.1654887, -0.2194115, -0.6696782
-0.690169, 0.1662633, -0.2204159, -0.6689095
-0.6904925, 0.1660435, -0.2212245, -0.6683633
-0.6908252, 0.1661045, -0.2218675, -0.6677908
-0.6910203, 0.1658681, -0.2227778, -0.6673446
-0.6910788, 0.16603, -0.2234555, -0.667017
-0.6912673, 0.1662529, -0.2242243, -0.6665082
-0.6917174, 0.1663149, -0.224855, -0.6658129
-0.6922538, 0.1663156, -0.2254007, -0.6650702
-0.6928037, 0.1662197, -0.2258306, -0.6643754
-0.6935291, 0.1662265, -0.2264025, -0.6634214
-0.6940463, 0.1662836, -0.2266944, -0.6627663
-0.6946107, 0.1664474, -0.2271328, -0.6619834
-0.6947497, 0.1666142, -0.227295, -0.6617398
-0.6947218, 0.1668766, -0.2273385, -0.661688
-0.6946113, 0.1673116, -0.2273919, -0.6616758
-0.6944802, 0.1682131, -0.2275697, -0.6615238
-0.6945177, 0.168783, -0.2277898, -0.6612635
-0.6945686, 0.1693735, -0.228235, -0.6609054
-0.69455, 0.1698858, -0.2283159, -0.6607655
-0.6945416, 0.1703695, -0.2283641, -0.6606331
-0.6945069, 0.1709101, -0.228347, -0.6605359
-0.6945189, 0.1714814, -0.2284092, -0.6603535
-0.6944384, 0.1718547, -0.2283332, -0.6603675
-0.6942567, 0.172297, -0.2282922, -0.6604576
-0.6940384, 0.1729963, -0.2283092, -0.6604983
-0.6938552, 0.1737906, -0.2284359, -0.6604384
-0.6937379, 0.1746526, -0.2285981, -0.6602782
-0.6936675, 0.1756466, -0.2287128, -0.6600487
-0.6936609, 0.176174, -0.2287265, -0.6599102
-0.6937127, 0.176616, -0.2288413, -0.6596978
-0.6938494, 0.1770353, -0.2288478, -0.6594394
-0.6940469, 0.177303, -0.2289095, -0.6591381
-0.6941025, 0.1775298, -0.2288336, -0.6590449
-0.6938497, 0.1778762, -0.2286101, -0.6592951
-0.69348, 0.1782654, -0.2282796, -0.6596935
-0.6931211, 0.1787236, -0.228002, -0.6600425
-0.692901, 0.1791404, -0.2278033, -0.6602292
-0.6927871, 0.1795818, -0.2276348, -0.6602871
-0.6927508, 0.1799541, -0.2275987, -0.6602361
-0.6927578, 0.1808225, -0.227459, -0.6600397
-0.692703, 0.1813362, -0.2273458, -0.6599952
-0.6926556, 0.1819095, -0.2271519, -0.6599541
-0.6925029, 0.1824861, -0.2269527, -0.6600237
-0.6923157, 0.1829857, -0.2267821, -0.6601403
-0.6922155, 0.1836215, -0.2265821, -0.6601374
-0.6920293, 0.184177, -0.2264571, -0.6602207
-0.6918977, 0.1850379, -0.2261758, -0.6602144
-0.6917603, 0.1855374, -0.2260221, -0.660271
-0.6917322, 0.1860712, -0.2258928, -0.6601943
-0.691686, 0.1864313, -0.2258408, -0.660159
-0.6917623, 0.1869676, -0.2257527, -0.6599575
-0.691902, 0.1875169, -0.2256352, -0.6596953
-0.6921521, 0.1882107, -0.2254637, -0.6592938
-0.6923301, 0.1887129, -0.2253458, -0.6590036
-0.6924992, 0.1892568, -0.2251847, -0.6587249
-0.6926104, 0.1897646, -0.2250938, -0.658493
-0.6926207, 0.1903458, -0.2250049, -0.658345
-0.6925587, 0.1908875, -0.2249103, -0.6582855
-0.6923406, 0.1917146, -0.2247788, -0.6583195
-0.692232, 0.1923082, -0.2246591, -0.6583014
-0.6921945, 0.1926723, -0.2246212, -0.6582474
-0.6922414, 0.1930292, -0.2245764, -0.6581088
-0.6923223, 0.1934288, -0.2245245, -0.6579241
-0.6924676, 0.1938092, -0.2244708, -0.6576774
-0.692646, 0.1943171, -0.2243979, -0.6573644
-0.6928062, 0.1950549, -0.2243126, -0.657006
-0.6928574, 0.1955639, -0.2242828, -0.6568109
-0.6928307, 0.1960831, -0.2242902, -0.6566819
-0.6927696, 0.1966092, -0.2243166, -0.65658
-0.6926244, 0.1969781, -0.224314, -0.6566234
-0.6922579, 0.1974643, -0.2242579, -0.6568829
-0.6919724, 0.1979228, -0.2241998, -0.6570657
-0.6917018, 0.1981898, -0.2240165, -0.6573325
-0.6915601, 0.1984161, -0.2237021, -0.6575204
-0.6914278, 0.1988338, -0.2235671, -0.6575793
-0.6913686, 0.1992585, -0.223519, -0.6575295
-0.6913782, 0.1996871, -0.2234865, -0.6574003
-0.6914439, 0.1999236, -0.2232513, -0.6573392
-0.6914217, 0.1999904, -0.2230726, -0.6574029
-0.6912603, 0.2002452, -0.2229728, -0.6575289
-0.6911492, 0.2005512, -0.2228232, -0.6576031
-0.6909781, 0.2007311, -0.2225836, -0.6578093
-0.6907009, 0.2009655, -0.2224015, -0.6580902
-0.6903325, 0.2009453, -0.2217864, -0.6586903
-0.6902279, 0.2006397, -0.2211692, -0.6591004
-0.6900103, 0.2007588, -0.2207374, -0.6594366
-0.6897798, 0.2007636, -0.2202875, -0.6598266
-0.6896614, 0.2003554, -0.2196833, -0.6602758
-0.6896268, 0.2000084, -0.2190275, -0.6606349
-0.6893846, 0.2000974, -0.2184135, -0.6610639
-0.689612, 0.1992853, -0.2175114, -0.6613693
-0.6896691, 0.1995526, -0.2172242, -0.6613237
-0.689687, 0.1997557, -0.2168257, -0.6613745
-0.689726, 0.199662, -0.2164026, -0.6615008
-0.6898302, 0.1995032, -0.215855, -0.6616188
-0.6899912, 0.1993317, -0.2152717, -0.6616927
-0.6901462, 0.199132, -0.2144767, -0.6618494
-0.6902808, 0.1988264, -0.2139161, -0.6619822
-0.6903028, 0.1985191, -0.2132666, -0.6622611
-0.6903535, 0.1982272, -0.212639, -0.6624973
-0.6908137, 0.197342, -0.2115744, -0.6626228
-0.6907331, 0.1976301, -0.2109858, -0.6628087
-0.6908746, 0.197221, -0.2101902, -0.6630358
-0.6908939, 0.1970775, -0.2095297, -0.6632673
-0.6908256, 0.1968717, -0.2088085, -0.6636267
-0.6907873, 0.1963549, -0.2079518, -0.6640888
-0.6909817, 0.1950776, -0.20654, -0.6647032
-0.6912457, 0.1942097, -0.2053677, -0.6650459
-0.6914923, 0.1939119, -0.2042671, -0.6652154
-0.6914195, 0.1940785, -0.2038641, -0.6653661
-0.6915785, 0.1941914, -0.2035074, -0.6652771
-0.6918343, 0.1939024, -0.2029826, -0.6652559
-0.6917487, 0.1944619, -0.2029401, -0.6651945
-0.6919446, 0.1939058, -0.2021493, -0.6653938
-0.6919465, 0.1941781, -0.2015511, -0.6654939
-0.6920391, 0.193283, -0.2005556, -0.6659589
-0.692634, 0.1913344, -0.198894, -0.6664011
-0.6933705, 0.1892461, -0.1987167, -0.6662845
-0.6930923, 0.1890048, -0.1968996, -0.6671813
-0.6925688, 0.188452, -0.1950082, -0.6684356
-0.6925352, 0.1865032, -0.1893874, -0.6706295
-0.6908439, 0.18828, -0.1851805, -0.6730479
-0.6903154, 0.1877758, -0.1827973, -0.6743813
-0.6904398, 0.1866899, -0.180271, -0.6752348
-0.6900941, 0.1866892, -0.1773557, -0.6763595
-0.6895607, 0.1872215, -0.1740366, -0.6776175
-0.6895934, 0.1868451, -0.1714815, -0.6783391
-0.6897513, 0.1861096, -0.1686864, -0.6790811
-0.6897187, 0.1852931, -0.1665745, -0.6798584
-0.6885927, 0.1859196, -0.1639195, -0.6814721
-0.687957, 0.1858885, -0.1615602, -0.6826851
-0.6874967, 0.1852243, -0.1585987, -0.6840224
-0.6876615, 0.1843016, -0.1564703, -0.6845961
-0.687088, 0.1833898, -0.1541489, -0.6859421
-0.6872177, 0.1817265, -0.1522479, -0.6866789
-0.6885129, 0.1782597, -0.1510126, -0.686563
-0.6898094, 0.1738602, -0.1476205, -0.6871272
-0.6907439, 0.1713049, -0.1470522, -0.6869519
-0.6913925, 0.1687732, -0.1463924, -0.687067
-0.6918799, 0.1662451, -0.1456152, -0.687358
-0.6942326, 0.1590759, -0.143485, -0.6871303
-0.6956028, 0.1555717, -0.1432541, -0.6865949
-0.6958205, 0.1527005, -0.1425159, -0.6871722
-0.6971464, 0.1483465, -0.1429478, -0.6866923
-0.6988367, 0.1427363, -0.1417862, -0.6864038
-0.6999559, 0.1371298, -0.1375344, -0.6872711
-0.699407, 0.1328568, -0.1341652, -0.6893321
-0.6986024, 0.129372, -0.1313668, -0.6913468
-0.6980174, 0.1250515, -0.1274782, -0.6934574
-0.6980344, 0.119987, -0.1236152, -0.6950327
-0.6967129, 0.117347, -0.1210304, -0.6972607
-0.6950582, 0.1153898, -0.1184899, -0.699671
-0.6936037, 0.1134383, -0.1160682, -0.7018362
-0.6918308, 0.1107128, -0.112653, -0.7045723
-0.6908951, 0.1081554, -0.1096746, -0.7063553
-0.6899863, 0.1044306, -0.1066611, -0.708263
-0.6885085, 0.1014281, -0.1042491, -0.7104932
-0.6869789, 0.0988616, -0.1018991, -0.7126731
-0.6856085, 0.09660455, -0.09954754, -0.714632
-0.6838562, 0.09381106, -0.09621672, -0.717135
-0.6826718, 0.09206256, -0.09411024, -0.7187676
-0.6815111, 0.09062268, -0.09210672, -0.72031
-0.6804132, 0.08929755, -0.09017061, -0.721757
-0.6794955, 0.08808286, -0.08842088, -0.7229862
-0.6784337, 0.08661576, -0.08642725, -0.7244003
-0.677209, 0.08553166, -0.08466033, -0.7258823
-0.6751336, 0.0841244, -0.08198411, -0.7282831
-0.6736171, 0.08286718, -0.08001229, -0.7300488
-0.6721946, 0.0817937, -0.0783316, -0.7316615
-0.670508, 0.08024316, -0.0763847, -0.733584
-0.6687058, 0.0782428, -0.07431746, -0.7356545
-0.6666209, 0.07574384, -0.07200638, -0.7380343
-0.6637933, 0.07211188, -0.06888074, -0.7412381
-0.6619818, 0.0696049, -0.06689249, -0.7432771
-0.659857, 0.06677773, -0.06456821, -0.7456276
-0.657506, 0.06374143, -0.0620153, -0.7481825
-0.6547926, 0.06047167, -0.05911081, -0.7510631
-0.6517369, 0.05698178, -0.05588236, -0.7542344
-0.6469622, 0.05137092, -0.05075127, -0.7590951
-0.6434227, 0.04720014, -0.04730112, -0.762589
-0.6396531, 0.04297166, -0.0440576, -0.766196
-0.6356279, 0.03819843, -0.04102033, -0.769958
-0.631427, 0.03366447, -0.03793192, -0.7737752
-0.6268631, 0.02911424, -0.03495875, -0.7778001
-0.6200687, 0.02265166, -0.03062765, -0.7836221
-0.6156297, 0.01877711, -0.02761513, -0.7873276
-0.6109626, 0.01458966, -0.02450509, -0.7911457
-0.6062071, 0.01036316, -0.02126578, -0.7949549
-0.6014963, 0.006244537, -0.0177754, -0.7986534
-0.5965405, 0.002038501, -0.01396914, -0.8024588
-0.591418, -0.00220643, -0.009924629, -0.8063011
-0.5832501, -0.00824905, -0.003579071, -0.8122429
-0.5768447, -0.0120969, 0.0006561691, -0.8167641
-0.5701239, -0.0157563, 0.0046402, -0.8213946
-0.5634233, -0.01954979, 0.008481949, -0.8258935
-0.5569293, -0.02332935, 0.0122734, -0.8301415
-0.5507354, -0.02644018, 0.01587573, -0.8341101
-0.5416924, -0.02976522, 0.01998531, -0.839812
-0.5343958, -0.03221236, 0.02206123, -0.8443322
-0.5268222, -0.03539071, 0.02396276, -0.8489003
-0.5192841, -0.03784159, 0.02536556, -0.8533866
-0.5092077, -0.03989246, 0.02729775, -0.8592851
-0.4986196, -0.04296769, 0.03026268, -0.8652263
-0.4904275, -0.04574745, 0.03211427, -0.8696877
-0.4784627, -0.05053093, 0.03533354, -0.8759404
-0.4710425, -0.05368604, 0.03702237, -0.8796966
-0.4634744, -0.05705038, 0.03866736, -0.883426
-0.4563363, -0.05997064, 0.0393954, -0.8869097
-0.4492712, -0.0641899, 0.0411346, -0.8901365
-0.4399445, -0.06875422, 0.04239468, -0.8943849
-0.4268682, -0.07556194, 0.04464697, -0.9000449
-0.4166695, -0.08014295, 0.04596666, -0.904351
-0.406024, -0.084538, 0.04720933, -0.9087184
-0.3950436, -0.08845292, 0.04794165, -0.9131365
-0.3839154, -0.09194002, 0.04843886, -0.9175019
-0.3730931, -0.09511398, 0.04860712, -0.9216248
-0.3568451, -0.1005441, 0.04899639, -0.9274438
-0.3447175, -0.1046048, 0.0491618, -0.9315637
-0.3322758, -0.1089498, 0.04934588, -0.9355681
-0.3185107, -0.1139152, 0.04955595, -0.9397439
-0.3035649, -0.1185383, 0.04907968, -0.9441335
-0.288426, -0.1230012, 0.04870388, -0.9483191
-0.2659828, -0.1284279, 0.04739761, -0.954208
-0.2513125, -0.1313753, 0.0462672, -0.9578319
-0.2380546, -0.1332902, 0.04453145, -0.9610311
-0.2232303, -0.1359659, 0.04393968, -0.9642358
-0.2143804, -0.1369023, 0.04227786, -0.966184
-0.2045947, -0.1401486, 0.04119627, -0.9678854
-0.1974085, -0.1435799, 0.04072851, -0.9688942
-0.1841748, -0.1502439, 0.0404343, -0.9705006
-0.1766449, -0.1539343, 0.04028348, -0.9713281
-0.1724223, -0.1553014, 0.0397413, -0.9718913
-0.1662943, -0.1572502, 0.03953684, -0.9726539
-0.158811, -0.1597574, 0.03959261, -0.9734933
-0.1535483, -0.1611331, 0.03946434, -0.9741158
-0.1432975, -0.1647641, 0.03984619, -0.9750543
-0.1368298, -0.1673295, 0.04018003, -0.9755327
-0.1306133, -0.1698836, 0.04071036, -0.9759213
-0.1260856, -0.1712791, 0.04089535, -0.9762651
-0.1220644, -0.1720642, 0.04082352, -0.976641
-0.1179689, -0.1725938, 0.04065542, -0.9770577
-0.1137326, -0.1730689, 0.04044838, -0.9774845
-0.1069633, -0.1736555, 0.04009273, -0.9781591
-0.1005066, -0.175212, 0.0402276, -0.9785606
-0.09562234, -0.1751913, 0.03835039, -0.979129
-0.09064686, -0.1746701, 0.03752877, -0.9797271
-0.08413218, -0.1744476, 0.03585366, -0.9804103
-0.07734384, -0.1739749, 0.03464473, -0.9810966
-0.06507633, -0.1730553, 0.03329199, -0.9821959
-0.05549824, -0.1723824, 0.03173983, -0.9829532
-0.04511997, -0.1719535, 0.02981007, -0.9836196
-0.03425979, -0.1717007, 0.02823916, -0.9841483
-0.02298083, -0.1711636, 0.02651108, -0.9846178
-0.01105403, -0.1714214, 0.02554499, -0.9848045
0.00497467, -0.172919, 0.02471733, -0.9846132
0.01592232, -0.1729695, 0.02267381, -0.9845374
0.02654277, -0.1743872, 0.02272448, -0.984057
0.03833536, -0.1746331, 0.02238658, -0.9836323
0.04462215, -0.1743219, 0.01947507, -0.9834844
0.04551014, -0.1736906, 0.01835911, -0.9835769
0.04783322, -0.1752083, 0.02002155, -0.9831648
0.05325252, -0.1800299, 0.02474988, -0.9819067
0.05642791, -0.1828423, 0.02726587, -0.9811427
0.05932273, -0.1855799, 0.02927282, -0.9803998
0.0620474, -0.1880573, 0.03083501, -0.979711
0.06436455, -0.1898615, 0.03181531, -0.9791821
0.06528206, -0.1899262, 0.03197918, -0.9791034
0.06755002, -0.1890999, 0.03299797, -0.9790757
0.06908219, -0.1885694, 0.03505057, -0.9789999
0.07038804, -0.1872422, 0.03660357, -0.9791048
0.07204231, -0.1850867, 0.03732464, -0.979367
0.07346044, -0.1824554, 0.03751084, -0.9797483
0.07488267, -0.1805814, 0.03804338, -0.9799672
0.07568387, -0.1762468, 0.03817334, -0.9806895
0.0762204, -0.1731523, 0.03818306, -0.9811987
0.07843608, -0.1723364, 0.03888328, -0.9811402
0.07872462, -0.1703236, 0.03836779, -0.9814888
0.07874216, -0.1683917, 0.03836196, -0.9818209
0.07885054, -0.1658706, 0.03745178, -0.9822764
0.08030535, -0.1633573, 0.03307601, -0.9827368
0.08098428, -0.1631106, 0.03240905, -0.9827442
0.08064377, -0.163027, 0.03195793, -0.9828008
0.08100624, -0.1629589, 0.03180126, -0.9827873
0.0823722, -0.1625367, 0.03082256, -0.9827749
0.08448416, -0.1619921, 0.02952294, -0.9827255
0.0857333, -0.1617406, 0.02892982, -0.9826764
0.08678826, -0.1615601, 0.0285442, -0.9826248
0.08815221, -0.1614178, 0.02816104, -0.9825378
0.08890928, -0.1613642, 0.02800268, -0.9824829
0.09001935, -0.1611754, 0.02777101, -0.9824193
0.0911884, -0.1608578, 0.0276105, -0.9823682
0.09195776, -0.1606775, 0.02749232, -0.9823292
0.09276448, -0.1604758, 0.02741008, -0.9822887
0.09373796, -0.1601936, 0.02733069, -0.9822444
0.0944495, -0.1600276, 0.02727666, -0.9822049
0.09490303, -0.1599738, 0.02722657, -0.9821714
0.09536834, -0.1599181, 0.02719687, -0.9821361
0.0960902, -0.159795, 0.02712467, -0.9820878
0.09658443, -0.1596834, 0.02707385, -0.9820588
0.09700359, -0.1596716, 0.02703963, -0.9820204
0.09772607, -0.159505, 0.02696078, -0.981978
0.09814503, -0.1594808, 0.02687512, -0.9819425
0.0984856, -0.1594626, 0.0267786, -0.981914
0.09875297, -0.1594258, 0.02674611, -0.981894
0.09907658, -0.1593585, 0.02669243, -0.9818739
0.09939119, -0.1593346, 0.02666312, -0.9818468
0.09990285, -0.1592345, 0.02657923, -0.9818133
0.1001244, -0.1592545, 0.026583, -0.9817874
0.1003765, -0.1591901, 0.02660913, -0.9817715
0.1006292, -0.1592031, 0.02659486, -0.9817438
0.100887, -0.1591549, 0.02660002, -0.981725
0.101137, -0.1591699, 0.02655321, -0.9816982
0.1013401, -0.1592508, 0.02652497, -0.9816647
0.1015094, -0.1592174, 0.02646712, -0.9816543
0.1016674, -0.1591302, 0.02641473, -0.9816535
0.1017441, -0.1590509, 0.02643353, -0.9816579
0.1018464, -0.158959, 0.0263723, -0.9816638
0.1019794, -0.1589995, 0.02633871, -0.9816443
0.1020917, -0.1590319, 0.0263112, -0.9816282
0.102185, -0.1590397, 0.02626525, -0.9816184
0.1023029, -0.1590762, 0.02620028, -0.9816019
0.1024596, -0.1591862, 0.02615785, -0.9815689
0.1025253, -0.159218, 0.02610459, -0.9815583
0.1025694, -0.1592078, 0.02608426, -0.9815559
0.1025814, -0.1592149, 0.02606204, -0.9815541
0.1025612, -0.1591951, 0.02605302, -0.9815597
0.1025442, -0.1591571, 0.02607854, -0.981567
0.1025429, -0.159132, 0.02607713, -0.9815711
0.102562, -0.1591258, 0.02605873, -0.9815707
0.1026336, -0.1591852, 0.02602196, -0.9815544
0.1026914, -0.1592297, 0.02598696, -0.9815422
0.1027451, -0.1592351, 0.02598672, -0.9815357
0.1027701, -0.1591955, 0.02598346, -0.9815395
0.1027855, -0.1591342, 0.02599342, -0.9815477
0.1028509, -0.1591122, 0.02601582, -0.9815438
0.1028506, -0.159048, 0.02603125, -0.9815538
0.1028143, -0.158889, 0.02604777, -0.9815829
0.1028802, -0.1588686, 0.02602749, -0.9815798
0.1028516, -0.1588407, 0.02603336, -0.9815872
0.1029059, -0.1588536, 0.02602269, -0.9815797
0.1029181, -0.1588496, 0.02605355, -0.9815783
0.1029832, -0.1588464, 0.02606625, -0.9815716
0.1030184, -0.1588868, 0.02605117, -0.9815618
0.1031979, -0.159043, 0.02601109, -0.9815187
0.1032612, -0.1591208, 0.02600446, -0.9814996
0.1033135, -0.1591443, 0.02599251, -0.9814906
0.1034068, -0.1592273, 0.02594838, -0.9814684
0.1034331, -0.1592839, 0.02593032, -0.981457
0.1034774, -0.159352, 0.02592463, -0.9814414
0.1033686, -0.1591601, 0.0259265, -0.9814839
0.1033825, -0.1590101, 0.02596676, -0.9815058
0.1033686, -0.1589323, 0.0259778, -0.9815195
0.1033338, -0.1588784, 0.02600773, -0.981531
0.103327, -0.1588488, 0.02596676, -0.9815378
0.1033922, -0.1587829, 0.02599148, -0.9815409
0.10334, -0.158676, 0.02594745, -0.9815648
0.1033909, -0.1587405, 0.02590947, -0.98155
0.1034867, -0.1587461, 0.0259107, -0.9815391
0.1035136, -0.1587505, 0.02593304, -0.9815348
0.1035713, -0.1588466, 0.02592793, -0.9815134
0.103559, -0.1588496, 0.02591735, -0.9815145
0.1034551, -0.1588841, 0.0258606, -0.9815213
0.1034703, -0.1589327, 0.02584173, -0.9815124
0.1034883, -0.1590102, 0.02579787, -0.9814991
0.1034723, -0.1589937, 0.02581543, -0.981503
0.1034745, -0.1590029, 0.02585063, -0.9815003
0.1034683, -0.1589518, 0.02585445, -0.9815091
0.1035033, -0.1589526, 0.02584198, -0.9815058
0.1035163, -0.1590232, 0.02580537, -0.9814938
0.1035883, -0.1589135, 0.0257857, -0.9815044
0.1036185, -0.1589337, 0.02581483, -0.9814973
0.1036408, -0.1589645, 0.0258455, -0.9814892
0.103681, -0.1589518, 0.02588364, -0.9814858
0.103696, -0.1588895, 0.02594541, -0.9814929
0.1037373, -0.1588389, 0.02596918, -0.981496
0.1037231, -0.1587807, 0.02601374, -0.9815057
0.103754, -0.1587299, 0.02610138, -0.9815083
0.1037558, -0.1587586, 0.02608799, -0.9815039
0.1037273, -0.1588664, 0.02606388, -0.9814901
0.1037355, -0.1590119, 0.02606039, -0.9814657
0.1036845, -0.159109, 0.02603895, -0.9814559
0.1035912, -0.1591307, 0.02604776, -0.9814621
0.1035059, -0.1591299, 0.02603772, -0.9814715
0.1034739, -0.1591712, 0.02604772, -0.9814678
0.1034388, -0.1592504, 0.02604592, -0.9814588
0.1034676, -0.1593466, 0.0260372, -0.9814404
0.1036021, -0.1594172, 0.02603221, -0.9814149
0.1036854, -0.1594336, 0.02603821, -0.9814032
0.1037461, -0.1593764, 0.0260927, -0.9814047
0.1038176, -0.1593846, 0.0261172, -0.9813952
0.1037841, -0.159411, 0.02615091, -0.9813935
0.1038412, -0.1594546, 0.02618059, -0.9813796
0.1037986, -0.15953, 0.02618263, -0.9813717
0.1036905, -0.1595958, 0.02620343, -0.9813719
0.1036362, -0.1596539, 0.02620331, -0.9813682
0.1036624, -0.1596441, 0.02624762, -0.9813659
0.1037077, -0.1596321, 0.026264, -0.9813625
0.1037681, -0.1596782, 0.02627598, -0.9813483
0.1038405, -0.159763, 0.02626169, -0.9813273
0.1038368, -0.1598356, 0.02620442, -0.9813174
0.1038697, -0.1599694, 0.02619986, -0.9812922
0.1038835, -0.1600565, 0.02617415, -0.9812772
0.103859, -0.1601136, 0.02619253, -0.98127
0.1038526, -0.1601985, 0.02618104, -0.9812572
0.1038921, -0.1601351, 0.02622433, -0.9812621
0.1038273, -0.1600867, 0.02621938, -0.9812771
0.1037804, -0.1601079, 0.0262266, -0.9812784
0.1037044, -0.1600582, 0.02620675, -0.981295
0.1036222, -0.1599826, 0.02622188, -0.9813156
0.1035636, -0.1598456, 0.02619326, -0.9813449
0.1035977, -0.1597989, 0.02620404, -0.9813487
0.1035684, -0.1598449, 0.02614931, -0.9813458
0.1035351, -0.1599006, 0.02609002, -0.9813417
0.1035289, -0.1599496, 0.02608808, -0.9813344
0.1034873, -0.1599837, 0.02606648, -0.9813338
0.1034432, -0.1600796, 0.02604644, -0.9813234
0.10346, -0.1601825, 0.02594887, -0.9813074
0.1034323, -0.1602293, 0.02592378, -0.9813034
0.1034782, -0.1602569, 0.02591711, -0.9812942
0.1034585, -0.1602525, 0.02592721, -0.9812967
0.1033251, -0.1600764, 0.02595363, -0.9813389
0.1033238, -0.1599602, 0.02597223, -0.9813574
0.1033913, -0.1598954, 0.02597374, -0.9813609
0.1033364, -0.1597528, 0.02599729, -0.9813892
0.1032391, -0.1595736, 0.02604403, -0.9814273
0.1031944, -0.1595838, 0.02601934, -0.981431
0.1031936, -0.1596062, 0.02597844, -0.9814286
0.1032554, -0.1596887, 0.02598593, -0.9814084
0.1032791, -0.1597179, 0.02598388, -0.9814013
0.1032498, -0.1596747, 0.02599544, -0.981411
0.1032135, -0.1596769, 0.02594035, -0.981416
0.1031982, -0.1596159, 0.02594939, -0.9814273
0.1032253, -0.1595103, 0.02603967, -0.9814392
0.1032659, -0.1594855, 0.02608958, -0.9814376
0.1033449, -0.159447, 0.02607844, -0.9814358
0.103348, -0.1593406, 0.02614961, -0.981451
0.1033447, -0.159303, 0.02617281, -0.9814568
0.1033864, -0.1592982, 0.02619068, -0.9814527
0.103374, -0.1593506, 0.02618042, -0.9814458
